TOT_POP,COUNTY_NAME_n,Active General Surgeons per 100000 Population 2018 (AAMC),ICU Beds_x,STATE_NAME_n,anycondition_number,Total Hospitals (2019)
6997.0,736.0,10.5,0.0,48.0,3430.0,0.216981425
68461.0,398.0,7.1,14.0,24.0,27496.0,2.269402618
44582.0,1246.0,7.1,20.0,33.0,18538.0,0.480871218
70422.0,35.0,7.0,0.0,10.0,20697.0,0.97069388
19383.0,285.0,9.6,6.0,20.0,7172.0,0.160383126
5821.0,1329.0,6.2,0.0,36.0,2365.0,0.184532189
47823.0,1164.0,10.2,12.0,32.0,15781.0,0.406229306
35438.0,1670.0,5.8,4.0,44.0,10732.0,0.605374386
79344.0,553.0,6.5,14.0,14.0,26074.0,1.56509249
73055.0,1315.0,7.9,27.0,49.0,22246.0,1.671316995
35285.0,43.0,7.1,5.0,33.0,12800.0,0.38059174
45260.0,682.0,6.9,0.0,47.0,13405.0,0.552567144
48021.0,244.0,7.8,4.0,5.0,17140.0,0.750385563
65936.0,439.0,6.5,30.0,14.0,24215.0,1.300614267
9809.0,493.0,7.3,0.0,46.0,4104.0,0.110553983
39921.0,407.0,7.0,0.0,10.0,13392.0,0.550269381
7114.0,348.0,6.2,0.0,43.0,2867.0,0.129630064
29519.0,488.0,7.4,0.0,23.0,10317.0,0.668115025
81244.0,1120.0,7.3,0.0,46.0,26907.0,0.915674153
1187.0,617.0,6.8,0.0,27.0,427.0,0.057219111
33044.0,1493.0,8.1,3.0,42.0,13915.0,0.561307886
41239.0,143.0,7.0,5.0,3.0,17794.0,1.204128309
37300.0,825.0,10.2,0.0,32.0,13670.0,0.316842379
4989.0,897.0,7.4,0.0,23.0,1868.0,0.11291798
19120.0,242.0,7.0,4.0,10.0,7607.0,0.263549274
15434.0,869.0,7.9,0.0,49.0,6003.0,0.353091595
28294.0,656.0,9.2,3.0,41.0,7945.0,1.828036748
21579.0,51.0,8.1,0.0,42.0,9405.0,0.366555589
14910.0,1188.0,7.3,10.0,46.0,5826.0,0.16804566
19964.0,1661.0,5.8,4.0,44.0,5441.0,0.341037707
29970.0,163.0,7.0,0.0,10.0,10650.0,0.413105217
2920.0,1036.0,9.8,0.0,26.0,847.0,0.153929427
2836.0,1526.0,6.2,0.0,43.0,1139.0,0.051677096
29189.0,1717.0,7.3,0.0,46.0,10236.0,0.328979529
12188.0,44.0,7.0,0.0,25.0,4492.0,0.242707525
12164.0,265.0,7.8,0.0,5.0,3557.0,0.190077049
10913.0,524.0,9.8,0.0,26.0,3441.0,0.575284876
8924.0,50.0,7.0,0.0,3.0,3677.0,0.260569874
10721.0,377.0,7.0,0.0,10.0,4080.0,0.147777812
16272.0,1012.0,7.0,7.0,25.0,6963.0,0.324034857
57900.0,1140.0,7.7,12.0,31.0,20070.0,1.132895046
26575.0,369.0,7.0,10.0,10.0,8970.0,0.36630868
22883.0,1017.0,7.0,0.0,25.0,8830.0,0.455683975
49791.0,1777.0,6.9,6.0,47.0,12751.0,0.607884902
35680.0,437.0,7.0,22.0,10.0,13358.0,0.491811616
8189.0,1023.0,7.0,0.0,25.0,3388.0,0.163072852
4118.0,161.0,7.7,0.0,31.0,1476.0,0.08057447
64569.0,1483.0,8.1,20.0,42.0,26600.0,1.096813003
30816.0,381.0,7.0,0.0,10.0,11421.0,0.424766445
5802.0,665.0,6.8,0.0,16.0,2155.0,0.276996948
40855.0,530.0,7.3,12.0,46.0,18095.0,0.460463142
22663.0,624.0,8.3,0.0,17.0,9420.0,0.53254273
15596.0,117.0,7.0,0.0,13.0,5795.0,0.228901475
47014.0,663.0,6.2,0.0,36.0,18589.0,1.490396211
15249.0,936.0,7.4,0.0,23.0,4900.0,0.345136557
73139.0,357.0,7.1,4.0,33.0,26107.0,0.788893276
4599.0,527.0,7.0,0.0,25.0,1697.0,0.091582861
6422.0,87.0,9.6,0.0,1.0,2302.0,0.182879103
2294.0,222.0,10.5,0.0,34.0,844.0,0.117706496
15146.0,511.0,7.0,0.0,25.0,5454.0,0.301612091
4377.0,978.0,7.1,0.0,24.0,2102.0,0.145092465
11169.0,601.0,6.9,0.0,15.0,3921.0,0.417579674
48305.0,35.0,6.9,7.0,9.0,20546.0,0.492136957
24841.0,1186.0,10.2,0.0,32.0,8206.0,0.211010229
16141.0,597.0,6.9,0.0,15.0,5398.0,0.603469739
4426.0,1774.0,6.9,0.0,47.0,1626.0,0.054035841
14422.0,44.0,6.2,0.0,43.0,5423.0,0.262795162
2210.0,1296.0,7.3,0.0,46.0,951.0,0.024908176
10003.0,50.0,6.9,8.0,15.0,3634.0,0.373985986
48892.0,877.0,7.9,9.0,22.0,18911.0,0.70433252
87138.0,452.0,5.8,20.0,12.0,24133.0,2.235316451
2429.0,1465.0,9.2,0.0,41.0,751.0,0.156934377
4240.0,1143.0,7.7,0.0,31.0,1587.0,0.082961572
28020.0,115.0,8.1,6.0,42.0,11719.0,0.475966801
9398.0,394.0,7.0,0.0,10.0,3865.0,0.129541636
26746.0,1136.0,7.7,4.0,31.0,11097.0,0.523323159
18188.0,130.0,7.0,0.0,3.0,6338.0,0.531067331
19964.0,652.0,6.8,5.0,16.0,7390.0,0.953113939
9267.0,1517.0,6.2,3.0,43.0,3547.0,0.168861653
14772.0,1737.0,7.3,0.0,46.0,3308.0,0.166490308
39330.0,554.0,6.5,0.0,14.0,11635.0,0.775800157
15270.0,1794.0,10.5,5.0,48.0,7022.0,0.473532422
18717.0,160.0,7.1,0.0,24.0,7420.0,0.620446806
79115.0,1834.0,10.6,14.0,50.0,24897.0,3.971244701
1399.0,35.0,7.8,0.0,5.0,454.0,0.021861048
7885.0,1839.0,10.6,0.0,50.0,2285.0,0.39579428
14307.0,722.0,8.3,0.0,17.0,6495.0,0.336190656
16736.0,263.0,9.8,4.0,26.0,4616.0,0.882247565
35845.0,379.0,8.3,16.0,17.0,16491.0,0.842297761
16351.0,546.0,6.5,0.0,14.0,5944.0,0.322530088
8232.0,1621.0,6.2,0.0,43.0,3730.0,0.150002064
96036.0,941.0,7.4,0.0,23.0,27322.0,2.173620196
41260.0,1641.0,6.2,0.0,43.0,15425.0,0.751832504
25315.0,976.0,7.1,11.0,24.0,11425.0,0.839162841
17471.0,187.0,7.2,0.0,4.0,5686.0,0.158558077
1522.0,1573.0,6.2,0.0,43.0,563.0,0.027733618
40589.0,1403.0,8.7,4.0,38.0,15596.0,0.630684248
25629.0,603.0,7.4,0.0,23.0,8138.0,0.58007114
28715.0,656.0,8.3,0.0,17.0,11055.0,0.674754644
26575.0,1708.0,7.3,0.0,46.0,8114.0,0.299518003
31363.0,29.0,7.6,7.0,0.0,12243.0,0.648065998
96807.0,214.0,7.2,0.0,4.0,29364.0,0.878572022
20544.0,1432.0,7.0,0.0,40.0,7843.0,0.278816009
44413.0,44.0,8.3,13.0,35.0,16500.0,0.737085825
56811.0,36.0,10.5,5.0,48.0,20549.0,1.761745279
51859.0,1694.0,7.3,6.0,46.0,17387.0,0.584485573
76482.0,624.0,8.1,25.0,42.0,27933.0,1.299175334
1445.0,1665.0,5.8,0.0,44.0,496.0,0.024684406
3424.0,677.0,9.8,0.0,26.0,1103.0,0.180498068
18998.0,401.0,7.0,0.0,10.0,6468.0,0.261867631
40571.0,429.0,7.0,20.0,10.0,14902.0,0.559228954
28523.0,563.0,6.5,0.0,14.0,9991.0,0.562627711
37349.0,1126.0,7.3,7.0,46.0,13349.0,0.42094818
10340.0,399.0,7.0,0.0,10.0,3626.0,0.142526124
2995.0,382.0,7.0,0.0,10.0,1164.0,0.041282954
34117.0,138.0,8.1,7.0,42.0,12763.0,0.579534594
2204.0,1539.0,6.2,0.0,43.0,972.0,0.040160903
4853.0,1059.0,9.8,0.0,26.0,1583.0,0.255828599
442.0,1579.0,6.2,0.0,43.0,176.0,0.008054047
18883.0,1436.0,9.2,6.0,41.0,5198.0,1.220004874
8320.0,837.0,7.9,0.0,22.0,3476.0,0.119856962
20015.0,9.0,6.8,0.0,16.0,7653.0,0.955548763
15902.0,35.0,9.1,0.0,18.0,6610.0,0.539169069
16390.0,666.0,6.2,0.0,36.0,6420.0,0.519581271
102985.0,1015.0,7.0,0.0,25.0,28000.0,2.050806894
36925.0,954.0,7.1,24.0,24.0,14890.0,1.224020854
51909.0,15.0,7.6,7.0,0.0,20571.0,1.072616074
49615.0,1068.0,6.8,34.0,27.0,15585.0,2.391681716
33452.0,547.0,6.5,5.0,14.0,11722.0,0.659854229
11640.0,481.0,5.8,0.0,12.0,3035.0,0.29859629
54973.0,703.0,7.3,0.0,46.0,21823.0,0.619582433
21531.0,403.0,7.0,0.0,10.0,8384.0,0.296782396
46222.0,1396.0,8.7,10.0,38.0,16831.0,0.718211518
24415.0,1641.0,10.5,4.0,48.0,10065.0,0.757124694
66523.0,672.0,7.4,4.0,23.0,18136.0,1.505640971
3307.0,35.0,9.2,0.0,41.0,1107.0,0.213660759
6021.0,130.0,7.4,0.0,23.0,2043.0,0.136275638
2611.0,169.0,5.8,0.0,12.0,761.0,0.066978944
43327.0,35.0,7.1,9.0,33.0,15791.0,0.467334513
62162.0,1233.0,7.1,0.0,33.0,20437.0,0.670492949
10569.0,406.0,6.9,0.0,15.0,3801.0,0.395147245
70975.0,804.0,9.6,15.0,20.0,27494.0,0.587277116
29094.0,389.0,10.5,10.0,48.0,13406.0,0.902223463
12968.0,356.0,7.0,0.0,10.0,5384.0,0.178750365
6054.0,1624.0,6.2,0.0,43.0,2501.0,0.110314929
3370.0,1527.0,6.2,0.0,43.0,1324.0,0.061407551
13758.0,905.0,7.4,4.0,23.0,4697.0,0.311390173
45591.0,502.0,8.3,12.0,17.0,19101.0,1.071312518
75448.0,162.0,7.9,0.0,22.0,27297.0,1.086895197
8257.0,964.0,7.1,0.0,24.0,3969.0,0.273709958
44153.0,10.0,7.6,6.0,0.0,18925.0,0.912350796
42855.0,914.0,7.4,8.0,23.0,12304.0,0.969953908
29650.0,44.0,7.0,0.0,10.0,10218.0,0.40869435
28616.0,398.0,7.0,0.0,10.0,11266.0,0.394441738
18807.0,122.0,7.0,0.0,13.0,6884.0,0.276029112
13593.0,135.0,7.0,0.0,3.0,5660.0,0.396898957
13772.0,803.0,6.8,0.0,27.0,5085.0,0.663876662
8326.0,144.0,7.0,0.0,3.0,3672.0,0.243109006
3952.0,637.0,6.2,0.0,36.0,1513.0,0.125282806
65346.0,726.0,8.3,58.0,17.0,26135.0,1.535522095
22895.0,154.0,7.0,7.0,25.0,8920.0,0.455922939
60913.0,245.0,6.2,30.0,36.0,22978.0,1.931010005
16481.0,44.0,7.0,0.0,3.0,5957.0,0.481225021
15571.0,39.0,8.3,6.0,17.0,7254.0,0.36589255
4434.0,306.0,10.2,0.0,32.0,1772.0,0.037664319
41641.0,1744.0,7.3,11.0,46.0,12067.0,0.469321887
8915.0,123.0,8.3,0.0,17.0,4028.0,0.209487642
1747.0,1034.0,9.8,0.0,26.0,535.0,0.092094078
89694.0,1819.0,7.9,0.0,49.0,22835.0,2.051975998
17753.0,839.0,7.9,0.0,22.0,6048.0,0.255747673
90180.0,23.0,6.9,0.0,15.0,22395.0,3.371594144
2935.0,240.0,9.2,0.0,41.0,925.0,0.189626347
22386.0,136.0,8.3,6.0,17.0,9858.0,0.526033692
28606.0,161.0,7.1,8.0,24.0,10746.0,0.948255668
1388.0,1560.0,6.2,0.0,43.0,491.0,0.025291893
20327.0,566.0,6.5,0.0,14.0,7191.0,0.400958296
24965.0,14.0,7.0,0.0,3.0,10058.0,0.728947434
20917.0,1276.0,10.5,6.0,34.0,7243.0,1.07326363
6955.0,1793.0,10.5,0.0,48.0,3233.0,0.215678978
21763.0,44.0,7.1,0.0,33.0,8011.0,0.234740485
15878.0,1826.0,7.9,0.0,49.0,6232.0,0.363249213
14309.0,1463.0,9.2,0.0,41.0,4867.0,0.924484973
13640.0,1830.0,10.6,0.0,50.0,4300.0,0.684671399
12410.0,54.0,6.5,0.0,14.0,4657.0,0.244792269
47192.0,349.0,6.2,8.0,36.0,17626.0,1.496039009
69907.0,1669.0,5.8,4.0,44.0,20901.0,1.194195701
82753.0,539.0,6.5,17.0,14.0,29197.0,1.632336393
4795.0,1571.0,6.2,0.0,43.0,2097.0,0.087373651
10919.0,825.0,7.3,7.0,46.0,4187.0,0.123064424
10308.0,1545.0,6.2,0.0,43.0,4018.0,0.187830573
79604.0,473.0,6.9,6.0,47.0,26645.0,0.971863786
5327.0,93.0,9.6,0.0,1.0,1835.0,0.151696821
7671.0,85.0,9.6,0.0,1.0,2504.0,0.218446839
22482.0,130.0,9.1,0.0,18.0,9242.0,0.762268835
71604.0,1326.0,6.2,0.0,36.0,26517.0,2.269926623
27610.0,1801.0,7.9,4.0,49.0,9725.0,0.631648241
5972.0,1050.0,9.8,0.0,26.0,1822.0,0.314817308
11059.0,1053.0,9.8,0.0,26.0,3739.0,0.582981347
37955.0,488.0,6.5,5.0,14.0,14498.0,0.748677725
2871.0,369.0,6.8,0.0,16.0,1131.0,0.137066225
47196.0,138.0,9.1,17.0,18.0,15998.0,1.60021528
69611.0,1144.0,7.7,8.0,31.0,21850.0,1.362037254
22601.0,366.0,7.0,16.0,10.0,9031.0,0.311531231
49208.0,1644.0,6.2,7.0,43.0,17165.0,0.89665957
11250.0,268.0,7.8,0.0,5.0,3241.0,0.175794706
13122.0,439.0,7.0,0.0,25.0,5701.0,0.261306871
5521.0,657.0,6.8,0.0,16.0,2212.0,0.26358155
15128.0,572.0,6.5,0.0,14.0,5673.0,0.298405918
46236.0,455.0,5.8,5.0,12.0,14268.0,1.186073715
70116.0,51.0,6.5,10.0,14.0,27659.0,1.383066458
7166.0,733.0,8.3,0.0,17.0,3139.0,0.168389057
13111.0,440.0,8.3,0.0,17.0,5373.0,0.308086649
61833.0,1167.0,10.2,0.0,32.0,23096.0,0.525236323
18432.0,261.0,7.8,506.0,5.0,6010.0,0.288022047
8263.0,438.0,6.5,0.0,14.0,2985.0,0.162991017
33888.0,498.0,6.8,10.0,16.0,11744.0,1.617868422
25473.0,989.0,7.0,0.0,25.0,9326.0,0.50726032
17158.0,122.0,6.9,0.0,15.0,6011.0,0.641492707
48271.0,33.0,6.5,10.0,14.0,18996.0,0.952164998
29764.0,40.0,7.0,0.0,10.0,8916.0,0.410265721
26804.0,1559.0,6.2,10.0,43.0,10293.0,0.4884178
54450.0,1620.0,6.2,0.0,43.0,21319.0,0.992178377
61893.0,509.0,8.3,12.0,35.0,22721.0,1.027186926
8303.0,80.0,9.6,0.0,1.0,2734.0,0.236444284
6254.0,1018.0,7.0,0.0,25.0,2637.0,0.124539946
62342.0,670.0,6.8,20.0,16.0,22330.0,2.976308816
6843.0,270.0,7.8,0.0,5.0,2355.0,0.10693006
8263.0,34.0,8.1,0.0,42.0,3174.0,0.140360945
21780.0,675.0,6.8,8.0,16.0,7010.0,1.039812743
4506.0,1148.0,7.7,0.0,31.0,1882.0,0.088166236
16683.0,223.0,7.8,6.0,5.0,4685.0,0.26069183
49045.0,547.0,8.1,3.0,42.0,20048.0,0.833111768
27611.0,552.0,6.5,0.0,14.0,10882.0,0.544638142
17912.0,527.0,10.2,0.0,32.0,6274.0,0.152152298
38109.0,349.0,7.0,0.0,10.0,11058.0,0.52529285
26794.0,369.0,6.5,0.0,14.0,8838.0,0.528522487
3821.0,1457.0,9.2,0.0,41.0,1355.0,0.246869598
9928.0,46.0,6.2,0.0,43.0,4457.0,0.18090628
28999.0,194.0,11.7,2.0,45.0,8919.0,0.648230318
5013.0,674.0,6.8,0.0,16.0,1781.0,0.239328801
2869.0,732.0,10.5,0.0,34.0,1154.0,0.147210085
38310.0,23.0,7.6,18.0,0.0,17157.0,0.79161459
660.0,130.0,6.8,0.0,27.0,228.0,0.031815175
42756.0,284.0,11.7,0.0,45.0,12086.0,0.955747973
11948.0,460.0,5.8,0.0,12.0,3743.0,0.306497291
16898.0,149.0,8.1,0.0,42.0,7621.0,0.287040935
5844.0,558.0,6.5,0.0,14.0,2157.0,0.115275264
7252.0,1721.0,7.3,0.0,46.0,2630.0,0.081734885
52775.0,857.0,5.8,6.0,44.0,14063.0,0.901536014
28223.0,115.0,7.0,0.0,3.0,10052.0,0.824077045
24949.0,35.0,6.2,6.0,36.0,8857.0,0.790911113
9947.0,1606.0,6.2,0.0,43.0,3211.0,0.181252494
25336.0,142.0,7.0,0.0,25.0,9403.0,0.50453215
33363.0,1015.0,6.8,5.0,27.0,10869.0,1.608257121
17162.0,364.0,7.0,0.0,10.0,6222.0,0.236560285
11277.0,902.0,7.4,0.0,23.0,3706.0,0.255236734
3319.0,1546.0,6.2,0.0,43.0,1278.0,0.060478238
6578.0,1558.0,6.2,0.0,43.0,2607.0,0.119863166
29206.0,1024.0,7.0,4.0,25.0,12121.0,0.581597962
53140.0,1494.0,8.1,6.0,42.0,21647.0,0.902672226
47240.0,695.0,8.3,50.0,17.0,20237.0,1.11006127
2313.0,1140.0,10.5,0.0,34.0,864.0,0.118681397
15769.0,494.0,7.0,0.0,13.0,5780.0,0.231440584
11758.0,35.0,8.1,0.0,42.0,5104.0,0.199729395
8591.0,1654.0,6.2,0.0,43.0,2690.0,0.1565437
9764.0,247.0,5.8,0.0,44.0,2868.0,0.166794839
45313.0,515.0,7.0,0.0,13.0,16090.0,0.665055945
20046.0,110.0,7.0,6.0,3.0,8485.0,0.585318657
21995.0,982.0,7.1,0.0,24.0,8994.0,0.729108698
18439.0,43.0,7.6,0.0,0.0,8870.0,0.381012306
1955.0,695.0,6.8,0.0,27.0,723.0,0.094240406
21774.0,519.0,8.3,4.0,17.0,8910.0,0.511652712
33277.0,1691.0,7.3,0.0,46.0,11640.0,0.37505402
44727.0,458.0,5.8,4.0,12.0,13896.0,1.147363939
14310.0,306.0,6.9,0.0,9.0,5598.0,0.145791944
19794.0,138.0,9.8,0.0,26.0,7159.0,1.043451739
4919.0,1456.0,9.2,0.0,41.0,1619.0,0.317809881
4146.0,656.0,6.8,0.0,16.0,1473.0,0.197936806
53054.0,1486.0,8.1,5.0,42.0,20851.0,0.901211372
25631.0,29.0,6.8,5.0,16.0,9398.0,1.223665767
12339.0,657.0,6.2,0.0,43.0,4953.0,0.2248391
62607.0,1132.0,7.6,19.0,30.0,22681.0,0.576276868
19000.0,37.0,7.0,0.0,10.0,6835.0,0.261895199
8191.0,272.0,7.8,0.0,5.0,2024.0,0.127994172
22330.0,161.0,9.1,0.0,18.0,8796.0,0.757115162
13632.0,1268.0,10.5,0.0,34.0,4054.0,0.699465975
38601.0,1157.0,10.6,4.0,50.0,9956.0,1.93761002
15113.0,873.0,7.9,0.0,22.0,5687.0,0.217716137
2690.0,439.0,5.8,0.0,44.0,763.0,0.045952286
4131.0,1245.0,7.1,0.0,33.0,1808.0,0.044557871
2252.0,396.0,6.2,0.0,43.0,1042.0,0.04103555
33839.0,1789.0,10.5,0.0,48.0,14619.0,1.049368934
20299.0,1838.0,10.6,6.0,50.0,6101.0,1.018925566
35873.0,920.0,7.4,6.0,23.0,11253.0,0.811927582
89147.0,1815.0,7.9,46.0,49.0,24296.0,2.039461996
44753.0,529.0,7.0,8.0,13.0,18255.0,0.656836862
3532.0,1093.0,6.8,0.0,27.0,1287.0,0.170259394
13706.0,371.0,7.0,0.0,10.0,6111.0,0.188922926
64689.0,1135.0,7.7,24.0,31.0,22691.0,1.265731392
11736.0,29.0,6.9,0.0,9.0,4715.0,0.119567733
9414.0,938.0,7.4,0.0,23.0,3156.0,0.213070729
12437.0,581.0,6.9,3.0,15.0,5093.0,0.464986875
11041.0,483.0,5.8,0.0,12.0,3510.0,0.283230381
31304.0,509.0,8.3,4.0,17.0,13421.0,0.735591829
2113.0,861.0,7.9,0.0,22.0,904.0,0.030439635
11964.0,589.0,6.9,0.0,15.0,3877.0,0.447302643
26758.0,741.0,7.1,0.0,24.0,11601.0,0.886996615
55700.0,15.0,8.1,14.0,42.0,20626.0,0.94615813
30233.0,677.0,10.6,11.0,50.0,7990.0,1.517571144
49455.0,50.0,10.2,8.0,32.0,17543.0,0.420092222
1748.0,633.0,6.8,0.0,16.0,597.0,0.083452373
18322.0,1547.0,6.2,0.0,43.0,7102.0,0.33386028
9611.0,395.0,7.0,0.0,13.0,3453.0,0.14106002
1234.0,1601.0,6.2,0.0,43.0,504.0,0.022485732
45894.0,302.0,6.9,0.0,9.0,19165.0,0.467573409
32384.0,35.0,8.3,4.0,35.0,14644.0,0.537450462
49421.0,29.0,11.7,0.0,45.0,15433.0,1.10473432
66826.0,1238.0,7.1,18.0,33.0,25970.0,0.720799875
57511.0,846.0,10.2,10.0,32.0,20797.0,0.48852338
28203.0,50.0,8.3,4.0,17.0,11612.0,0.662723497
10627.0,65.0,7.6,0.0,0.0,4769.0,0.219589879
50224.0,688.0,6.2,4.0,43.0,16633.0,0.915172944
35392.0,44.0,6.8,24.0,27.0,10881.0,1.706064684
34475.0,391.0,7.0,0.0,10.0,11022.0,0.475201947
17171.0,589.0,7.1,0.0,24.0,7032.0,0.569198702
17556.0,360.0,6.9,0.0,15.0,6267.0,0.656372885
58057.0,624.0,6.2,10.0,43.0,24078.0,1.057904501
13376.0,1831.0,10.6,0.0,50.0,4467.0,0.671419694
30774.0,731.0,8.3,6.0,17.0,13101.0,0.723137712
5080.0,245.0,5.8,0.0,44.0,1601.0,0.086779781
749.0,1596.0,6.2,0.0,43.0,288.0,0.013648147
28108.0,1756.0,7.3,48.0,46.0,9284.0,0.316795937
38701.0,29.0,7.0,0.0,13.0,15821.0,0.568012052
10880.0,559.0,8.3,0.0,17.0,4381.0,0.255661867
31480.0,501.0,8.3,0.0,35.0,11842.0,0.522447521
15196.0,467.0,5.8,0.0,12.0,4598.0,0.389816943
37639.0,491.0,7.0,4.0,13.0,12925.0,0.552425148
38346.0,50.0,6.5,5.0,14.0,13979.0,0.756390359
32957.0,39.0,7.6,6.0,0.0,11977.0,0.681003447
65256.0,46.0,8.3,15.0,35.0,28434.0,1.082999856
35286.0,378.0,6.2,2.0,43.0,13661.0,0.642975321
66470.0,734.0,8.3,8.0,17.0,23714.0,1.561934222
1987.0,681.0,6.8,0.0,16.0,709.0,0.094862623
15420.0,1714.0,7.3,0.0,46.0,6337.0,0.173793701
15650.0,1577.0,6.2,0.0,43.0,6085.0,0.285171563
10137.0,133.0,7.0,0.0,25.0,3700.0,0.201864636
27271.0,50.0,7.1,0.0,33.0,10829.0,0.29415098
27086.0,33.0,8.3,5.0,35.0,9331.0,0.449523938
15449.0,271.0,5.8,1.0,44.0,5195.0,0.263909614
8446.0,587.0,6.8,0.0,27.0,2666.0,0.407137837
25675.0,801.0,9.6,0.0,20.0,10320.0,0.21244579
34178.0,973.0,7.1,0.0,24.0,15243.0,1.132960995
6272.0,423.0,7.0,0.0,10.0,2888.0,0.086452984
10717.0,570.0,6.5,0.0,14.0,4220.0,0.211397159
56351.0,705.0,8.1,8.0,42.0,25250.0,0.957216459
8746.0,1640.0,10.5,0.0,48.0,3796.0,0.271219028
2849.0,497.0,6.8,0.0,16.0,1099.0,0.136015909
26907.0,771.0,11.7,5.0,45.0,9014.0,0.601466712
75498.0,569.0,10.2,10.0,32.0,29469.0,0.64131276
17276.0,1382.0,8.1,0.0,42.0,6761.0,0.2934619
26887.0,430.0,7.0,8.0,10.0,9774.0,0.370609275
63406.0,122.0,7.0,8.0,3.0,24938.0,1.851377568
2973.0,486.0,6.8,0.0,27.0,1123.0,0.143312904
49728.0,37.0,6.2,20.0,43.0,19135.0,0.906134919
36778.0,601.0,7.3,0.0,46.0,13954.0,0.414512629
16622.0,1400.0,8.7,4.0,38.0,6513.0,0.2582777
10836.0,354.0,7.0,6.0,10.0,4435.0,0.149362967
4195.0,1094.0,6.8,0.0,27.0,1571.0,0.202219184
22996.0,683.0,6.8,0.0,16.0,8580.0,1.097866567
14643.0,743.0,8.3,0.0,17.0,6277.0,0.344086096
43497.0,1725.0,7.3,0.0,46.0,15597.0,0.490240247
34074.0,578.0,6.5,0.0,14.0,10591.0,0.672123431
5112.0,47.0,9.2,0.0,41.0,1607.0,0.330279347
45754.0,1415.0,7.0,6.0,40.0,19053.0,0.620957344
1200.0,1552.0,6.2,0.0,43.0,489.0,0.02186619
15876.0,426.0,7.0,0.0,10.0,7452.0,0.218834115
11924.0,843.0,7.4,0.0,23.0,3969.0,0.269880537
1366.0,441.0,9.2,0.0,37.0,582.0,0.01988349
15029.0,396.0,7.0,4.0,10.0,5622.0,0.207159103
61157.0,838.0,7.9,0.0,22.0,19956.0,0.881020697
10456.0,13.0,6.2,0.0,43.0,4071.0,0.190527403
20470.0,491.0,7.0,5.0,25.0,7182.0,0.407632346
60922.0,1775.0,6.9,28.0,47.0,19011.0,0.743780282
730.0,1066.0,6.8,0.0,27.0,267.0,0.035189512
13143.0,43.0,7.0,0.0,10.0,5839.0,0.181162558
7291.0,1525.0,6.2,0.0,43.0,2845.0,0.132855327
15765.0,39.0,7.0,0.0,13.0,6406.0,0.231381877
6993.0,244.0,6.9,0.0,15.0,2563.0,0.261449965
2074.0,239.0,7.8,0.0,5.0,661.0,0.032408731
9338.0,1441.0,9.2,0.0,41.0,3128.0,0.603315443
10541.0,1010.0,7.0,0.0,25.0,4336.0,0.209909749
19938.0,53.0,7.6,4.0,0.0,8970.0,0.411986732
23606.0,146.0,7.0,8.0,3.0,9916.0,0.689266298
19785.0,318.0,7.4,0.0,23.0,6592.0,0.447801612
16513.0,468.0,5.8,0.0,12.0,5278.0,0.42360142
12630.0,24.0,7.0,0.0,25.0,5439.0,0.251509356
6968.0,737.0,9.8,0.0,26.0,2411.0,0.367322003
22725.0,55.0,7.6,0.0,0.0,9782.0,0.469575609
14080.0,517.0,7.0,0.0,13.0,5427.0,0.206651241
28287.0,155.0,7.1,0.0,24.0,11822.0,0.937681189
6628.0,1000.0,7.0,0.0,25.0,2376.0,0.13198765
42470.0,149.0,7.0,0.0,10.0,15474.0,0.58540469
42733.0,543.0,6.2,6.0,36.0,18460.0,1.354683738
13188.0,258.0,7.8,0.0,5.0,3444.0,0.206078274
4059.0,119.0,6.9,0.0,47.0,1465.0,0.049555237
7254.0,7.0,10.5,0.0,48.0,3451.0,0.224951158
13840.0,608.0,6.9,0.0,15.0,4474.0,0.517441372
9193.0,50.0,7.0,0.0,10.0,3357.0,0.126715925
5837.0,379.0,6.2,0.0,43.0,2228.0,0.106360793
2887.0,13.0,7.0,0.0,10.0,1357.0,0.039794286
25735.0,979.0,7.1,0.0,24.0,12094.0,0.853085353
21646.0,1590.0,6.2,0.0,43.0,9093.0,0.394429626
9699.0,7.0,6.9,2.0,15.0,3568.0,0.362620222
8253.0,1149.0,7.7,0.0,31.0,3129.0,0.161481568
55808.0,603.0,5.6,0.0,28.0,21671.0,0.809240204
8477.0,775.0,9.1,0.0,18.0,3622.0,0.287418953
10234.0,1619.0,6.2,0.0,43.0,3905.0,0.186482158
46403.0,908.0,7.4,4.0,23.0,15677.0,1.050257174
15673.0,1610.0,6.2,0.0,43.0,5876.0,0.285590665
52405.0,1580.0,6.2,12.0,43.0,20395.0,0.954914745
17888.0,1019.0,7.0,0.0,25.0,6555.0,0.35621531
77036.0,1758.0,6.9,20.0,47.0,24237.0,0.940511766
9403.0,439.0,6.8,0.0,27.0,2944.0,0.453269841
65456.0,119.0,8.7,22.0,38.0,23755.0,1.017075269
24583.0,740.0,8.3,10.0,17.0,9428.0,0.57765953
35232.0,1439.0,9.2,0.0,41.0,9170.0,2.276291464
12760.0,1792.0,10.5,0.0,48.0,6440.0,0.395695724
13665.0,163.0,7.0,0.0,13.0,5381.0,0.200560314
64889.0,903.0,7.4,16.0,23.0,20852.0,1.468658013
5506.0,582.0,6.9,0.0,15.0,2096.0,0.205854927
17352.0,824.0,9.6,0.0,21.0,4876.0,0.188549972
38659.0,770.0,9.1,8.0,18.0,14635.0,1.310761982
41619.0,1649.0,6.2,4.0,43.0,16049.0,0.758374139
16844.0,1481.0,7.3,0.0,46.0,6071.0,0.189843132
13397.0,1817.0,7.9,4.0,49.0,5144.0,0.306490094
61043.0,565.0,7.9,8.0,22.0,21101.0,0.879378426
31529.0,149.0,7.4,5.0,23.0,10360.0,0.713608138
3308.0,946.0,7.4,0.0,23.0,1203.0,0.074871253
2474.0,74.0,9.6,0.0,1.0,785.0,0.070452024
39135.0,702.0,8.3,10.0,17.0,15397.0,0.919607278
5319.0,1319.0,6.2,0.0,36.0,1816.0,0.16861823
3079.0,678.0,6.2,0.0,43.0,1047.0,0.056105
6488.0,1069.0,6.8,0.0,27.0,2438.0,0.312752816
36810.0,718.0,6.2,10.0,43.0,13891.0,0.670745382
49568.0,542.0,6.5,8.0,14.0,17448.0,0.977748847
1503.0,686.0,6.8,0.0,16.0,509.0,0.071755673
8716.0,1073.0,6.8,0.0,27.0,2813.0,0.420153136
41890.0,29.0,8.1,10.0,42.0,15141.0,0.711572066
25383.0,592.0,7.9,6.0,22.0,9756.0,0.365664574
4358.0,617.0,10.5,0.0,34.0,1573.0,0.223611555
20358.0,51.0,7.0,0.0,25.0,8159.0,0.405402017
7879.0,441.0,7.0,0.0,10.0,3314.0,0.108603804
3295.0,1261.0,10.5,0.0,34.0,1294.0,0.169068397
11139.0,13.0,7.1,0.0,33.0,4576.0,0.120147694
11012.0,1496.0,8.1,0.0,42.0,4394.0,0.187057331
61497.0,316.0,7.0,0.0,10.0,20685.0,0.847672056
43172.0,1052.0,9.8,5.0,26.0,13766.0,2.275836036
6967.0,1840.0,10.6,0.0,50.0,2539.0,0.349714489
30472.0,1726.0,7.3,4.0,46.0,11971.0,0.343439796
42647.0,588.0,6.9,18.0,15.0,15494.0,1.594459697
13832.0,580.0,6.9,0.0,15.0,4929.0,0.517142273
12715.0,701.0,8.3,0.0,17.0,5148.0,0.298781309
12190.0,1748.0,7.3,0.0,46.0,3677.0,0.137389443
9753.0,682.0,7.4,0.0,23.0,2946.0,0.220743448
8777.0,190.0,7.2,0.0,4.0,3110.0,0.079655672
32412.0,1682.0,7.3,10.0,46.0,12877.0,0.365304892
77145.0,1161.0,10.2,14.0,32.0,28142.0,0.655303093
37924.0,486.0,6.2,12.0,43.0,14261.0,0.691044496
29125.0,970.0,7.1,0.0,24.0,11970.0,0.965459915
20901.0,1556.0,6.2,0.0,43.0,6531.0,0.380854367
277.0,1582.0,6.2,0.0,43.0,93.0,0.005047446
21068.0,405.0,7.0,0.0,10.0,8793.0,0.290400424
67427.0,898.0,7.4,29.0,23.0,22322.0,1.526101555
35451.0,47.0,7.1,0.0,24.0,14917.0,1.175159466
14436.0,7.0,7.1,0.0,24.0,6361.0,0.478536629
5248.0,1575.0,6.2,0.0,43.0,1972.0,0.095628138
24250.0,961.0,7.1,6.0,24.0,9030.0,0.803859328
13586.0,31.0,7.1,0.0,24.0,5864.0,0.450360117
21303.0,1100.0,6.8,0.0,27.0,7371.0,1.026907096
35564.0,49.0,7.1,9.0,24.0,14951.0,1.178905285
53591.0,128.0,10.2,8.0,32.0,20886.0,0.4552252
11117.0,857.0,7.9,3.0,22.0,4919.0,0.160150221
29733.0,59.0,7.0,10.0,10.0,12408.0,0.409838419
25398.0,769.0,9.1,12.0,18.0,10762.0,0.861137971
22304.0,1009.0,7.0,0.0,25.0,7253.0,0.444153974
7961.0,472.0,5.8,0.0,12.0,2928.0,0.204220366
11321.0,9.0,6.9,0.0,15.0,3787.0,0.423262556
22983.0,871.0,7.9,0.0,22.0,9067.0,0.33109045
30757.0,844.0,7.9,0.0,22.0,13367.0,0.443081799
2516.0,251.0,6.8,0.0,16.0,929.0,0.120117946
17360.0,496.0,7.0,0.0,13.0,6564.0,0.254791588
3533.0,440.0,6.8,0.0,27.0,1286.0,0.170307599
8348.0,389.0,7.0,0.0,10.0,4018.0,0.11506848
8484.0,98.0,7.1,0.0,33.0,3490.0,0.091510283
65263.0,1375.0,8.7,12.0,38.0,25573.0,1.014076377
682.0,1084.0,6.8,0.0,27.0,231.0,0.032875681
5478.0,1469.0,9.2,0.0,41.0,1872.0,0.353926108
655.0,1142.0,7.7,0.0,31.0,274.0,0.012815997
21535.0,165.0,7.0,0.0,3.0,7983.0,0.628795633
55852.0,1025.0,7.0,18.0,25.0,21228.0,1.11221699
22400.0,3.0,7.6,0.0,0.0,9190.0,0.462860006
27847.0,502.0,8.1,0.0,42.0,12028.0,0.473028105
5463.0,1565.0,6.2,0.0,43.0,1970.0,0.099545831
21199.0,585.0,6.9,0.0,15.0,7260.0,0.792575119
8729.0,251.0,6.2,0.0,36.0,3443.0,0.276719031
8315.0,332.0,7.0,0.0,10.0,3520.0,0.11461361
26215.0,436.0,7.0,28.0,10.0,9557.0,0.361346455
10658.0,182.0,7.4,0.0,23.0,3702.0,0.241226666
31998.0,811.0,9.6,0.0,20.0,13035.0,0.264764962
24790.0,359.0,7.0,0.0,10.0,10291.0,0.341704315
9226.0,454.0,5.8,0.0,12.0,3311.0,0.236670908
1903.0,944.0,10.5,0.0,34.0,678.0,0.097644054
4062.0,1267.0,10.5,0.0,34.0,1505.0,0.20842362
13044.0,31.0,7.0,0.0,13.0,4959.0,0.191445937
12318.0,122.0,7.0,0.0,10.0,4831.0,0.169790793
34210.0,646.0,6.8,6.0,16.0,11108.0,1.633241227
15000.0,406.0,7.1,0.0,33.0,5682.0,0.161793286
18507.0,338.0,7.0,3.0,10.0,7044.0,0.255099708
58799.0,1309.0,8.3,18.0,35.0,19849.0,0.975838368
32106.0,55.0,7.0,0.0,13.0,13042.0,0.471217668
11234.0,766.0,7.1,0.0,24.0,5274.0,0.372394049
10535.0,971.0,7.1,0.0,24.0,4607.0,0.349223011
9864.0,1609.0,6.2,0.0,43.0,3503.0,0.179740083
54012.0,36.0,8.1,6.0,42.0,23374.0,0.917484612
29636.0,115.0,7.3,0.0,46.0,12380.0,0.334017518
9911.0,35.0,7.4,0.0,23.0,3516.0,0.224319524
16868.0,501.0,6.9,0.0,15.0,6361.0,0.630650366
16630.0,485.0,7.0,0.0,13.0,6248.0,0.244077425
16226.0,367.0,7.0,0.0,10.0,6045.0,0.2236585
20083.0,904.0,6.8,0.0,27.0,6790.0,0.968097227
10206.0,491.0,8.3,0.0,17.0,4524.0,0.239823991
9017.0,1011.0,7.0,0.0,25.0,4253.0,0.179561351
80809.0,342.0,7.0,6.0,10.0,26280.0,1.11386785
65691.0,222.0,7.0,25.0,13.0,23949.0,0.964142522
27724.0,222.0,8.3,0.0,35.0,11486.0,0.460112296
6549.0,389.0,8.1,0.0,42.0,2853.0,0.111245774
6411.0,1254.0,10.5,0.0,34.0,2138.0,0.328952198
7915.0,138.0,7.0,0.0,10.0,3148.0,0.109100026
20192.0,524.0,9.1,2.0,18.0,8549.0,0.684624691
45164.0,1796.0,7.9,5.0,49.0,15288.0,1.033240172
12277.0,17.0,7.6,0.0,0.0,5764.0,0.253684477
10155.0,659.0,6.8,0.0,16.0,3230.0,0.484816272
7720.0,1652.0,6.2,0.0,43.0,2663.0,0.14067249
20952.0,880.0,7.9,10.0,22.0,9202.0,0.301832098
3767.0,1583.0,6.2,0.0,43.0,1673.0,0.068641615
10283.0,742.0,9.2,0.0,41.0,3240.0,0.664370604
29808.0,439.0,7.0,12.0,10.0,10765.0,0.410872216
2236.0,1061.0,9.8,0.0,26.0,696.0,0.117871986
17246.0,248.0,7.8,0.0,5.0,3835.0,0.269489378
24665.0,883.0,7.9,4.0,22.0,9258.0,0.355321149
3710.0,1058.0,9.8,0.0,26.0,1154.0,0.195574717
2192.0,1277.0,10.5,0.0,34.0,828.0,0.112472815
22628.0,958.0,7.1,10.0,24.0,9851.0,0.750091913
7163.0,252.0,7.8,0.0,5.0,2176.0,0.111930443
14908.0,599.0,6.9,0.0,15.0,5431.0,0.557371097
4292.0,693.0,7.3,0.0,46.0,1814.0,0.048373707
19432.0,35.0,6.9,0.0,15.0,6690.0,0.726511615
59866.0,39.0,8.3,0.0,35.0,25732.0,0.993546484
33466.0,892.0,7.9,6.0,22.0,12841.0,0.482107341
12306.0,1302.0,8.1,0.0,42.0,5062.0,0.209038096
88.0,448.0,9.4,0.0,11.0,41.0,0.001362909
18378.0,623.0,7.0,0.0,25.0,7117.0,0.365972997
7890.0,369.0,6.9,0.0,15.0,2614.0,0.294986447
21895.0,642.0,6.2,8.0,43.0,8475.0,0.398966861
85234.0,149.0,9.2,0.0,37.0,26904.0,1.240665729
32594.0,640.0,6.8,6.0,16.0,10137.0,1.55609075
1769.0,1040.0,10.5,0.0,34.0,630.0,0.090768435
17366.0,159.0,7.0,0.0,3.0,7361.0,0.507065938
15063.0,605.0,6.9,0.0,15.0,5210.0,0.563166141
2279.0,414.0,7.0,0.0,10.0,1096.0,0.03141364
5190.0,677.0,6.8,0.0,27.0,1861.0,0.250182971
7644.0,1339.0,6.2,0.0,36.0,2736.0,0.242323321
24192.0,36.0,9.2,0.0,37.0,8271.0,0.352138646
10949.0,1222.0,6.2,0.0,36.0,4521.0,0.347095506
2844.0,140.0,6.8,0.0,16.0,996.0,0.135777201
21229.0,1586.0,6.2,0.0,43.0,8188.0,0.386831125
43058.0,1296.0,8.3,0.0,35.0,17047.0,0.714598011
19026.0,1193.0,7.1,0.0,33.0,8716.0,0.205218604
13125.0,1068.0,7.9,0.0,49.0,4719.0,0.300267409
34335.0,49.0,7.0,0.0,13.0,11483.0,0.503932555
16347.0,1042.0,9.8,6.0,26.0,5788.0,0.861741214
30785.0,789.0,7.9,0.0,49.0,10163.0,0.704284357
5460.0,19.0,7.3,0.0,46.0,2151.0,0.061537847
9534.0,1057.0,9.8,0.0,26.0,3208.0,0.502590122
53446.0,1478.0,8.1,6.0,42.0,19777.0,0.907870151
3618.0,1088.0,6.8,0.0,27.0,1336.0,0.174405007
66726.0,548.0,6.2,0.0,43.0,25401.0,1.215869502
32598.0,137.0,7.0,2.0,25.0,12315.0,0.649145052
21055.0,962.0,7.1,5.0,24.0,8637.0,0.69794879
8285.0,440.0,10.5,0.0,48.0,3963.0,0.256923125
13257.0,473.0,8.3,0.0,17.0,6252.0,0.311517406
18691.0,949.0,7.4,0.0,23.0,5463.0,0.423040684
25083.0,368.0,7.0,0.0,10.0,7556.0,0.345743015
54402.0,64.0,7.3,14.0,46.0,21921.0,0.613146882
26533.0,537.0,8.3,0.0,17.0,9984.0,0.62348128
21741.0,131.0,7.0,8.0,3.0,8530.0,0.634810581
32835.0,1154.0,7.7,6.0,31.0,10019.0,0.642463019
26742.0,136.0,7.0,8.0,3.0,9997.0,0.780833658
19434.0,138.0,10.6,0.0,50.0,5404.0,0.975506156
5970.0,681.0,6.8,0.0,27.0,1749.0,0.287782724
1952.0,1043.0,9.8,0.0,26.0,667.0,0.102900768
43247.0,701.0,6.2,0.0,43.0,16400.0,0.788039271
36459.0,133.0,6.2,8.0,43.0,14072.0,0.664349522
75930.0,389.0,8.3,34.0,35.0,27454.0,1.260147405
9395.0,57.0,7.0,0.0,25.0,4117.0,0.18708871
3468.0,1437.0,9.2,0.0,41.0,1164.0,0.22406275
28537.0,655.0,6.8,7.0,16.0,9403.0,1.36240295
53889.0,97.0,6.9,8.0,2.0,20281.0,0.623676489
28015.0,1442.0,9.2,8.0,41.0,9084.0,1.810010938
7507.0,1788.0,10.5,0.0,48.0,3265.0,0.232796849
21741.0,58.0,7.0,0.0,13.0,8149.0,0.319091239
2450.0,1266.0,10.5,0.0,34.0,947.0,0.125710948
10840.0,236.0,6.8,0.0,27.0,4036.0,0.522540155
7411.0,182.0,8.1,0.0,42.0,3592.0,0.125888293
30119.0,488.0,6.2,0.0,43.0,12120.0,0.548823151
11693.0,477.0,5.8,0.0,12.0,4248.0,0.299955878
19215.0,579.0,8.3,0.0,17.0,7652.0,0.451520476
30250.0,182.0,9.8,0.0,26.0,9719.0,1.594645606
19676.0,1229.0,7.1,0.0,33.0,9392.0,0.212229646
6962.0,1252.0,10.5,0.0,34.0,2433.0,0.357224334
14306.0,1325.0,6.2,0.0,36.0,5904.0,0.453516148
5899.0,678.0,6.8,0.0,16.0,2123.0,0.281627887
53920.0,719.0,8.3,0.0,17.0,19496.0,1.267030137
6474.0,1242.0,7.3,0.0,46.0,2733.0,0.072966305
30599.0,1419.0,7.0,6.0,40.0,12681.0,0.415278965
1987.0,245.0,6.8,0.0,27.0,719.0,0.09578296
17987.0,179.0,7.2,4.0,4.0,5836.0,0.163241036
11237.0,287.0,7.3,0.0,46.0,4814.0,0.126648497
2356.0,643.0,6.8,0.0,27.0,810.0,0.113570536
1227.0,643.0,6.8,0.0,16.0,423.0,0.058578982
9242.0,511.0,8.3,0.0,17.0,3874.0,0.217171597
13838.0,1318.0,6.2,0.0,36.0,5828.0,0.438680026
39006.0,1150.0,7.7,8.0,31.0,14031.0,0.763207326
23169.0,34.0,6.2,0.0,43.0,9989.0,0.422181466
2841.0,649.0,6.8,0.0,16.0,1204.0,0.135633976
2464.0,1666.0,5.8,0.0,44.0,669.0,0.04209161
39694.0,802.0,12.1,4.0,19.0,13623.0,1.008362199
48860.0,789.0,9.1,7.0,18.0,16314.0,1.65663443
23792.0,1501.0,6.2,0.0,43.0,10102.0,0.433533663
720.0,428.0,6.8,0.0,27.0,254.0,0.034707464
34920.0,138.0,6.2,0.0,36.0,13528.0,1.107002928
22402.0,277.0,7.0,0.0,40.0,9168.0,0.304032138
20027.0,230.0,7.8,2.0,5.0,6107.0,0.312945829
24277.0,667.0,6.8,0.0,16.0,7669.0,1.159023598
24877.0,1189.0,7.1,0.0,33.0,10427.0,0.268328772
14726.0,32.0,7.6,0.0,0.0,6560.0,0.304289127
1238.0,705.0,9.8,0.0,26.0,393.0,0.06526186
27346.0,130.0,7.7,6.0,31.0,9318.0,0.535063004
46847.0,896.0,7.4,10.0,23.0,14852.0,1.060306399
33169.0,924.0,7.4,6.0,23.0,10462.0,0.750726897
12670.0,1231.0,7.1,0.0,33.0,5462.0,0.136661396
29442.0,1824.0,7.9,0.0,49.0,10519.0,0.673559852
8903.0,1410.0,7.0,0.0,40.0,4119.0,0.120828414
12691.0,59.0,7.6,0.0,0.0,5496.0,0.262239122
14165.0,587.0,7.0,0.0,25.0,5407.0,0.282076804
42057.0,491.0,8.3,6.0,35.0,16502.0,0.697985242
2801.0,1435.0,9.2,0.0,41.0,850.0,0.180968789
1928.0,497.0,6.2,0.0,43.0,792.0,0.035131679
20067.0,33.0,6.9,0.0,15.0,6875.0,0.750252602
19454.0,983.0,7.1,0.0,24.0,7792.0,0.6448775
18217.0,1480.0,8.1,0.0,42.0,7779.0,0.309446367
8163.0,306.0,7.0,0.0,13.0,2885.0,0.119807818
11113.0,1037.0,9.8,0.0,26.0,3311.0,0.585827987
27109.0,1190.0,7.1,0.0,33.0,10171.0,0.292403613
35636.0,222.0,6.5,4.0,14.0,11355.0,0.702934513
75027.0,49.0,6.9,14.0,9.0,24967.0,0.764383801
44593.0,58.0,6.5,0.0,14.0,17393.0,0.87961496
82366.0,133.0,6.5,13.0,14.0,28362.0,1.624702662
2232.0,1264.0,10.5,0.0,34.0,839.0,0.114525239
9788.0,440.0,7.1,0.0,24.0,3786.0,0.324460829
2667.0,658.0,6.8,0.0,16.0,1015.0,0.127326932
12166.0,1589.0,6.2,0.0,43.0,4881.0,0.221686724
13006.0,1664.0,5.8,0.0,44.0,4294.0,0.222176739
13345.0,79.0,9.6,0.0,1.0,3603.0,0.380025168
7790.0,49.0,6.9,0.0,15.0,2792.0,0.291247709
17903.0,1250.0,7.1,0.0,33.0,6832.0,0.19310568
9017.0,590.0,6.9,0.0,15.0,2804.0,0.337122027
21696.0,1640.0,6.2,0.0,43.0,9278.0,0.395340718
15041.0,836.0,7.9,5.0,22.0,6370.0,0.216678913
24574.0,1736.0,7.3,0.0,46.0,6061.0,0.276965396
59830.0,531.0,9.1,6.0,18.0,21501.0,2.028580392
17650.0,1331.0,9.2,6.0,41.0,5233.0,1.140342426
13280.0,49.0,10.5,0.0,48.0,6035.0,0.411821255
15591.0,1155.0,7.7,0.0,31.0,6189.0,0.305059873
40612.0,771.0,10.2,0.0,32.0,16079.0,0.344975944
64227.0,1031.0,8.7,13.0,38.0,21569.0,0.997978693
27410.0,161.0,7.0,6.0,40.0,11821.0,0.371998969
1560.0,653.0,6.8,0.0,16.0,591.0,0.074476946
45108.0,912.0,7.4,9.0,23.0,16331.0,1.020946935
4178.0,680.0,6.8,0.0,16.0,1560.0,0.199464538
64389.0,1117.0,9.2,12.0,37.0,26286.0,0.937246001
13295.0,44.0,7.3,0.0,46.0,5246.0,0.149843531
20092.0,128.0,6.5,4.0,14.0,7445.0,0.396322826
10897.0,114.0,7.0,0.0,3.0,4393.0,0.318179058
41933.0,274.0,5.8,4.0,44.0,8062.0,0.716326095
54811.0,389.0,12.1,6.0,19.0,19053.0,1.392385259
22752.0,1724.0,7.3,0.0,46.0,8784.0,0.256430239
40822.0,1576.0,6.2,8.0,43.0,15173.0,0.743851345
30802.0,183.0,7.2,0.0,4.0,9937.0,0.279543581
10737.0,115.0,8.3,0.0,17.0,4367.0,0.252301606
19389.0,413.0,7.0,0.0,10.0,6896.0,0.267257159
33615.0,8.0,7.6,0.0,0.0,14836.0,0.69459996
43622.0,840.0,7.9,10.0,22.0,17230.0,0.628413507
58856.0,1208.0,7.1,9.0,33.0,23706.0,0.634833709
27107.0,163.0,8.1,4.0,42.0,11477.0,0.460457961
10982.0,791.0,9.1,0.0,18.0,4417.0,0.372352831
14717.0,520.0,7.0,0.0,13.0,5083.0,0.216000449
15525.0,247.0,7.8,0.0,5.0,3849.0,0.242596695
3585.0,226.0,7.8,0.0,5.0,1180.0,0.056019913
12456.0,136.0,7.0,0.0,13.0,4872.0,0.182815899
55626.0,533.0,7.0,9.0,13.0,20084.0,0.816419173
6336.0,1064.0,6.8,0.0,27.0,2251.0,0.305425685
25339.0,579.0,7.0,10.0,25.0,8559.0,0.504591891
35350.0,1281.0,10.5,0.0,34.0,10864.0,1.813829388
10023.0,50.0,7.1,0.0,24.0,4288.0,0.332250806
2962.0,1530.0,6.2,0.0,43.0,1084.0,0.053973046
2407.0,655.0,9.2,0.0,41.0,813.0,0.155512987
29979.0,1293.0,8.3,14.0,35.0,13108.0,0.497536666
3038.0,678.0,6.8,0.0,27.0,1126.0,0.146446217
23106.0,1302.0,8.3,0.0,35.0,10059.0,0.38347117
49980.0,1335.0,6.2,4.0,36.0,18845.0,1.584421717
27297.0,412.0,7.0,0.0,10.0,10555.0,0.376260697
17844.0,389.0,7.0,0.0,13.0,6517.0,0.261895224
30785.0,47.0,10.5,9.0,48.0,13562.0,0.954662449
9063.0,1054.0,9.8,1.0,26.0,2879.0,0.477761095
10030.0,730.0,8.3,0.0,17.0,4381.0,0.235688284
62249.0,1422.0,7.0,10.0,40.0,27366.0,0.844821736
57078.0,9.0,7.0,12.0,40.0,21791.0,0.774642726
10212.0,1016.0,7.0,0.0,25.0,3857.0,0.203358159
14847.0,13.0,7.0,0.0,3.0,5718.0,0.433514222
23771.0,597.0,7.9,0.0,49.0,8012.0,0.543821454
71671.0,490.0,8.3,18.0,17.0,27396.0,1.684149054
826.0,1106.0,5.6,0.0,28.0,380.0,0.011977358
2151.0,75.0,9.6,0.0,1.0,823.0,0.061253963
40540.0,1402.0,8.7,0.0,38.0,14895.0,0.629922871
1349.0,677.0,10.5,0.0,34.0,572.0,0.069217987
40085.0,1185.0,10.2,5.0,32.0,15374.0,0.340499378
21737.0,140.0,7.0,0.0,3.0,8209.0,0.634693786
24922.0,1753.0,7.3,0.0,46.0,8271.0,0.280887589
23884.0,885.0,7.9,0.0,22.0,11785.0,0.344070153
48649.0,823.0,10.1,0.0,39.0,12601.0,0.50613015
64265.0,438.0,10.2,24.0,32.0,19901.0,0.545894786
5393.0,364.0,7.4,0.0,23.0,1956.0,0.12206187
3641.0,519.0,7.0,0.0,25.0,1342.0,0.072505587
46518.0,491.0,6.9,10.0,15.0,17030.0,1.739186254
12726.0,698.0,8.3,4.0,17.0,6126.0,0.299039791
36986.0,19.0,7.6,13.0,0.0,14939.0,0.764256258
32587.0,1509.0,6.2,8.0,43.0,13037.0,0.593794615
5082.0,1492.0,8.1,0.0,42.0,2233.0,0.086326313
23023.0,29.0,7.0,8.0,10.0,8585.0,0.317348062
10808.0,493.0,7.0,0.0,13.0,3997.0,0.158628311
13747.0,1039.0,9.8,0.0,26.0,4852.0,0.724680765
2660.0,231.0,6.8,0.0,16.0,1064.0,0.126992741
9974.0,42.0,7.6,0.0,0.0,4764.0,0.206096683
15951.0,660.0,6.8,5.0,16.0,6029.0,0.761526771
35857.0,237.0,7.9,9.0,22.0,14044.0,0.516551811
34120.0,1215.0,7.3,12.0,46.0,13902.0,0.384555193
10020.0,108.0,7.8,0.0,5.0,2622.0,0.156574485
33700.0,1416.0,7.0,6.0,40.0,14159.0,0.457364657
76796.0,995.0,7.0,25.0,25.0,26221.0,1.529288404
15054.0,410.0,7.0,0.0,10.0,5635.0,0.207503701
31280.0,532.0,6.5,0.0,14.0,11008.0,0.617010651
28543.0,959.0,7.1,0.0,24.0,12527.0,0.946167291
23867.0,1360.0,9.2,0.0,37.0,9180.0,0.347407947
26035.0,421.0,7.0,6.0,10.0,9425.0,0.358865343
28047.0,176.0,7.2,0.0,4.0,8369.0,0.254540576
30725.0,1367.0,9.2,8.0,37.0,11250.0,0.447232965
34205.0,138.0,7.1,5.0,24.0,13193.0,1.133856014
20826.0,1562.0,6.2,0.0,43.0,7818.0,0.37948773
11881.0,182.0,7.9,0.0,22.0,5728.0,0.171156317
31192.0,222.0,7.1,15.0,24.0,14068.0,1.033978564
61537.0,199.0,7.2,8.0,4.0,16694.0,0.558479103
2514.0,1265.0,10.5,0.0,34.0,860.0,0.128994826
8406.0,1782.0,10.5,0.0,48.0,3686.0,0.260675412
35837.0,899.0,7.4,6.0,23.0,12068.0,0.81111278
26787.0,1369.0,9.2,4.0,37.0,10105.0,0.389911454
5813.0,647.0,6.2,0.0,43.0,2483.0,0.105923469
7081.0,1371.0,9.2,0.0,37.0,2450.0,0.103071005
12045.0,51.0,5.8,0.0,44.0,2838.0,0.205760327
94347.0,29.0,6.9,0.0,47.0,24972.0,1.151857101
11534.0,50.0,7.0,0.0,25.0,4409.0,0.229684
45467.0,1241.0,7.1,0.0,33.0,17405.0,0.490417022
19759.0,222.0,6.9,0.0,47.0,5287.0,0.241232307
1034.0,1062.0,9.8,0.0,26.0,350.0,0.054507886
17318.0,675.0,6.8,0.0,27.0,5158.0,0.834810923
44161.0,1332.0,6.2,6.0,36.0,16674.0,1.39995293
2742.0,1472.0,9.2,0.0,41.0,1077.0,0.17715688
6293.0,1690.0,7.3,0.0,46.0,2388.0,0.070926314
23365.0,835.0,7.9,0.0,22.0,9464.0,0.336593498
8414.0,612.0,10.5,0.0,48.0,4028.0,0.260923497
25391.0,425.0,7.0,0.0,10.0,9420.0,0.349988474
10766.0,29.0,6.2,0.0,43.0,3820.0,0.196176169
51128.0,1828.0,7.9,4.0,49.0,18354.0,1.169681683
18339.0,1750.0,7.3,0.0,46.0,5980.0,0.206692781
23864.0,464.0,5.8,6.0,12.0,6820.0,0.612173699
14354.0,557.0,8.3,0.0,35.0,6363.0,0.238221465
17335.0,1550.0,6.2,0.0,43.0,7192.0,0.315875338
24880.0,64.0,6.9,0.0,9.0,10576.0,0.253480333
19688.0,161.0,8.1,0.0,42.0,8132.0,0.334433775
9097.0,832.0,7.9,0.0,22.0,3778.0,0.131050334
15841.0,1686.0,7.3,0.0,46.0,5926.0,0.178538652
32955.0,402.0,7.0,0.0,10.0,11176.0,0.454250331
18918.0,1804.0,7.9,5.0,49.0,6433.0,0.432796864
4341.0,1141.0,7.7,0.0,31.0,1660.0,0.084937779
6283.0,865.0,7.9,0.0,22.0,2678.0,0.090512174
16193.0,625.0,6.8,4.0,16.0,6061.0,0.773080245
10362.0,831.0,7.9,0.0,22.0,4564.0,0.149273778
20299.0,445.0,7.0,0.0,10.0,7266.0,0.27980056
24133.0,163.0,6.5,0.0,14.0,9016.0,0.476033185
5546.0,1458.0,9.2,0.0,41.0,1643.0,0.358319495
12362.0,728.0,8.3,0.0,17.0,5947.0,0.290486398
5795.0,881.0,7.9,0.0,22.0,2660.0,0.083482102
12159.0,1612.0,6.2,0.0,43.0,4960.0,0.221559172
12175.0,775.0,6.2,0.0,43.0,5235.0,0.221850721
7033.0,40.0,8.3,0.0,17.0,3400.0,0.165263779
36249.0,117.0,8.3,8.0,17.0,15005.0,0.851791088
3999.0,935.0,7.4,0.0,23.0,1281.0,0.090510925
38247.0,975.0,6.2,12.0,36.0,14207.0,1.212472537
37964.0,240.0,7.4,8.0,23.0,12831.0,0.859254
1362.0,1631.0,6.2,0.0,43.0,533.0,0.024818126
21217.0,1531.0,6.2,4.0,43.0,7953.0,0.386612463
21935.0,1316.0,8.3,5.0,35.0,7746.0,0.364037052
10673.0,54.0,7.0,0.0,3.0,4155.0,0.311638532
11161.0,44.0,9.1,0.0,18.0,4913.0,0.378421958
1516.0,1518.0,6.2,0.0,43.0,642.0,0.027624287
63955.0,13.0,7.4,0.0,23.0,16204.0,1.447518427
7912.0,434.0,7.0,0.0,10.0,3182.0,0.109058675
103551.0,900.0,7.4,25.0,23.0,24418.0,2.343710119
28710.0,637.0,6.8,34.0,16.0,9302.0,1.370662252
11323.0,318.0,8.3,0.0,17.0,5493.0,0.266071629
59673.0,493.0,8.1,12.0,42.0,25459.0,1.013646213
8276.0,882.0,7.9,0.0,22.0,3503.0,0.119223103
6050.0,58.0,7.0,0.0,25.0,2193.0,0.120477562
5753.0,318.0,6.2,0.0,43.0,1849.0,0.10483016
6490.0,164.0,7.0,0.0,3.0,2713.0,0.189500054
14587.0,7.0,6.9,0.0,9.0,6008.0,0.148614052
19942.0,679.0,8.1,2.0,42.0,7909.0,0.338748392
17335.0,1217.0,8.1,0.0,42.0,7832.0,0.294464115
33240.0,1672.0,5.8,0.0,44.0,7005.0,0.567826757
21198.0,1454.0,6.2,4.0,43.0,7583.0,0.386266249
33780.0,327.0,8.3,0.0,35.0,10585.0,0.560618719
16433.0,28.0,7.6,12.0,0.0,6463.0,0.339561539
33406.0,603.0,6.8,6.0,16.0,11117.0,1.594856955
8743.0,115.0,7.0,0.0,25.0,3312.0,0.174105012
5830.0,1795.0,10.5,0.0,48.0,2720.0,0.180792012
9960.0,701.0,9.1,0.0,18.0,4258.0,0.337701165
6958.0,659.0,6.8,0.0,27.0,2362.0,0.335409077
23920.0,12.0,7.6,0.0,0.0,10741.0,0.494268363
36033.0,52.0,8.3,0.0,35.0,14485.0,0.598009896
31729.0,36.0,6.9,6.0,47.0,9616.0,0.387370811
17787.0,51.0,10.5,0.0,48.0,7388.0,0.551586194
5761.0,1070.0,6.8,0.0,27.0,1987.0,0.277707918
2105.0,687.0,6.8,0.0,16.0,747.0,0.100496135
33407.0,46.0,6.9,3.0,15.0,10835.0,1.249000284
45358.0,140.0,8.3,6.0,35.0,16838.0,0.752769208
64000.0,150.0,7.0,11.0,3.0,24005.0,1.868721641
14529.0,736.0,8.3,0.0,17.0,6060.0,0.341407286
18853.0,51.0,7.0,0.0,10.0,6332.0,0.259868957
6111.0,1451.0,9.2,0.0,41.0,1763.0,0.394823375
17144.0,40.0,6.2,0.0,43.0,6632.0,0.31239497
1087.0,151.0,9.8,0.0,26.0,354.0,0.057301811
15600.0,1282.0,7.9,0.0,49.0,5512.0,0.356889263
54762.0,16.0,7.6,22.0,0.0,23618.0,1.131568734
22039.0,155.0,8.1,0.0,42.0,9034.0,0.374369462
28355.0,290.0,6.9,0.0,9.0,10622.0,0.288884037
13422.0,1234.0,7.1,0.0,33.0,5389.0,0.144772632
2330.0,1448.0,9.2,0.0,41.0,743.0,0.150538122
40076.0,1003.0,7.0,12.0,25.0,15186.0,0.798059301
3076.0,1255.0,10.5,0.0,34.0,962.0,0.157831378
63227.0,511.0,10.2,0.0,32.0,22143.0,0.537077564
7177.0,745.0,8.3,0.0,17.0,3366.0,0.168647539
32006.0,31.0,6.5,5.0,14.0,12868.0,0.631331294
9253.0,594.0,6.9,0.0,15.0,3422.0,0.345945449
26158.0,259.0,7.8,4.0,5.0,7539.0,0.408750038
4651.0,1048.0,9.8,0.0,26.0,1736.0,0.245180057
57685.0,384.0,7.0,8.0,10.0,21406.0,0.795127609
13901.0,122.0,7.9,6.0,22.0,5821.0,0.200256205
18045.0,1655.0,6.2,0.0,43.0,6955.0,0.328812834
17128.0,271.0,6.9,0.0,47.0,5075.0,0.209111137
31833.0,975.0,7.1,0.0,24.0,12445.0,1.055226969
16663.0,564.0,6.5,0.0,14.0,6166.0,0.328684414
2987.0,209.0,7.2,0.0,4.0,1039.0,0.027108521
4802.0,7.0,7.0,0.0,13.0,1827.0,0.070478641
31490.0,64.0,12.1,0.0,19.0,12073.0,0.79995278
2100.0,351.0,10.5,0.0,34.0,723.0,0.107752241
15763.0,524.0,7.0,8.0,13.0,5803.0,0.231352523
6941.0,1693.0,7.3,0.0,46.0,3007.0,0.078229707
38754.0,489.0,8.3,0.0,35.0,14809.0,0.643168083
22935.0,567.0,6.5,1.0,14.0,9113.0,0.452402151
8664.0,49.0,7.0,0.0,25.0,3468.0,0.172531834
13726.0,29.0,5.8,0.0,12.0,3275.0,0.352107618
14539.0,6.0,6.9,0.0,15.0,5142.0,0.543575153
17830.0,1405.0,7.3,0.0,46.0,7271.0,0.200956011
4903.0,1258.0,10.5,0.0,34.0,1703.0,0.251575827
15631.0,713.0,7.3,0.0,46.0,6969.0,0.176171812
8009.0,603.0,8.3,0.0,17.0,3492.0,0.188198152
18223.0,1224.0,10.5,7.0,48.0,9226.0,0.565106832
55922.0,901.0,7.4,10.0,23.0,15675.0,1.265704409
6807.0,456.0,9.8,0.0,26.0,2181.0,0.358834798
14245.0,1243.0,7.1,0.0,33.0,5643.0,0.153649691
9598.0,486.0,6.8,0.0,16.0,3618.0,0.458224183
21539.0,158.0,5.8,0.0,44.0,6593.0,0.367942855
1101.0,167.0,7.2,0.0,4.0,397.0,0.009992127
33033.0,1637.0,6.2,8.0,43.0,11794.0,0.601921549
20222.0,1357.0,6.2,6.0,36.0,7156.0,0.641059943
12260.0,488.0,7.0,0.0,13.0,4553.0,0.17993922
18778.0,548.0,8.3,6.0,17.0,7248.0,0.441251705
37147.0,395.0,6.9,4.0,15.0,13023.0,1.388829094
10881.0,1071.0,6.8,0.0,27.0,3548.0,0.524516552
26099.0,392.0,7.0,0.0,10.0,9888.0,0.359747516
39304.0,44.0,5.8,4.0,12.0,9498.0,1.008249877
8018.0,118.0,7.0,0.0,3.0,3338.0,0.234115783
6411.0,1226.0,8.1,0.0,42.0,2564.0,0.108901612
43598.0,149.0,7.9,3.0,49.0,15000.0,0.997413981
17948.0,55.0,7.0,2.0,3.0,7062.0,0.524059625
61452.0,40.0,7.1,8.0,33.0,22081.0,0.662834734
52592.0,9.0,6.2,0.0,43.0,20430.0,0.958322226
4029.0,1111.0,5.6,0.0,28.0,1735.0,0.058422247
40878.0,438.0,8.1,8.0,42.0,16595.0,0.694381544
1311.0,1630.0,6.2,0.0,43.0,445.0,0.023888813
40507.0,28.0,8.1,0.0,42.0,17795.0,0.688079486
5430.0,662.0,6.8,0.0,16.0,2152.0,0.259237061
3977.0,629.0,6.8,0.0,27.0,1388.0,0.191710535
5776.0,1324.0,6.2,0.0,36.0,2223.0,0.183105639
45592.0,363.0,7.0,10.0,10.0,16696.0,0.628438206
22950.0,1718.0,7.3,8.0,46.0,8244.0,0.258661831
21561.0,7.0,6.2,6.0,43.0,7841.0,0.392880771
1360.0,938.0,6.8,0.0,27.0,514.0,0.065558543
57618.0,797.0,12.1,6.0,19.0,20413.0,1.463692577
55976.0,1223.0,7.1,14.0,33.0,23582.0,0.603769398
8940.0,1072.0,6.8,0.0,27.0,3046.0,0.430951014
2131.0,734.0,6.2,0.0,43.0,743.0,0.038830709
10014.0,1662.0,5.8,0.0,44.0,3245.0,0.171065498
42733.0,1207.0,7.1,0.0,33.0,14247.0,0.460927499
6050.0,453.0,5.8,0.0,12.0,1840.0,0.155198243
21809.0,327.0,7.0,0.0,10.0,8577.0,0.300614337
10231.0,1334.0,6.2,0.0,36.0,4313.0,0.324334105
76737.0,1759.0,6.9,19.0,47.0,27160.0,0.936861356
11931.0,52.0,7.1,0.0,24.0,5180.0,0.39549879
15460.0,792.0,9.1,0.0,18.0,6470.0,0.524182732
15888.0,706.0,8.3,0.0,17.0,6826.0,0.373341521
40997.0,1307.0,8.3,0.0,35.0,16028.0,0.680393298
31980.0,53.0,7.0,6.0,10.0,11480.0,0.440810972
2806.0,1083.0,6.8,0.0,27.0,1075.0,0.135262701
22192.0,406.0,7.0,0.0,10.0,9030.0,0.305893593
7042.0,1707.0,7.3,0.0,46.0,3027.0,0.079368044
14987.0,14.0,7.6,0.0,0.0,5959.0,0.309682273
10262.0,779.0,9.1,0.0,18.0,4436.0,0.347940698
3828.0,234.0,7.8,0.0,5.0,1467.0,0.059817079
53677.0,353.0,7.0,5.0,10.0,17086.0,0.739881505
36506.0,31.0,8.7,0.0,38.0,13819.0,0.56724135
19817.0,398.0,6.2,0.0,43.0,8290.0,0.361101908
49774.0,784.0,9.1,15.0,18.0,20493.0,1.687624276
24193.0,352.0,7.0,0.0,10.0,9508.0,0.333475292
26092.0,52.0,8.3,32.0,17.0,12191.0,0.613118515
39126.0,161.0,7.0,16.0,3.0,13626.0,1.142431296
5686.0,142.0,7.0,0.0,10.0,2120.0,0.078375584
36277.0,440.0,6.9,8.0,15.0,12256.0,1.356302071
7289.0,1816.0,7.9,0.0,49.0,2441.0,0.16675422
40693.0,1734.0,7.3,34.0,46.0,17313.0,0.458637294
7037.0,161.0,6.5,0.0,14.0,2613.0,0.138807671
16603.0,162.0,7.0,0.0,3.0,6700.0,0.484787272
12326.0,139.0,7.0,0.0,3.0,4819.0,0.359904109
46248.0,47.0,6.5,7.0,14.0,16720.0,0.912260504
13724.0,304.0,6.9,0.0,9.0,6337.0,0.139821708
2840.0,661.0,6.8,0.0,16.0,1157.0,0.135586235
48117.0,1731.0,7.3,25.0,46.0,15013.0,0.542310733
14751.0,1604.0,6.2,5.0,43.0,5398.0,0.268790142
10968.0,209.0,7.7,0.0,31.0,4331.0,0.214604367
39272.0,409.0,7.0,0.0,10.0,9888.0,0.541323593
23709.0,368.0,6.8,0.0,27.0,8171.0,1.142887872
7147.0,130.0,9.2,0.0,41.0,2143.0,0.461757922
59749.0,883.0,10.2,14.0,32.0,19430.0,0.507533923
16239.0,524.0,10.5,0.0,34.0,5420.0,0.833232686
30772.0,808.0,7.3,0.0,46.0,11444.0,0.346820997
9722.0,47.0,6.8,0.0,16.0,3673.0,0.464144145
64623.0,152.0,8.3,38.0,17.0,26306.0,1.5185328
776.0,257.0,7.8,0.0,5.0,228.0,0.012125928
60949.0,1716.0,7.3,0.0,46.0,23704.0,0.686935946
25642.0,112.0,6.9,0.0,15.0,8847.0,0.958687259
25413.0,842.0,7.9,0.0,22.0,10938.0,0.366096751
10558.0,122.0,6.5,0.0,14.0,4446.0,0.20826082
38335.0,1345.0,6.2,0.0,36.0,15678.0,1.215262235
8632.0,13.0,10.5,0.0,48.0,4126.0,0.267683816
16904.0,619.0,6.9,0.0,15.0,6222.0,0.631996312
57840.0,4.0,7.6,6.0,0.0,20584.0,1.195170658
55551.0,385.0,6.2,9.0,36.0,19393.0,1.761028628
33976.0,51.0,7.0,9.0,13.0,12893.0,0.498663536
6468.0,133.0,6.8,0.0,27.0,2279.0,0.31178872
19680.0,6.0,7.6,7.0,0.0,8891.0,0.406655577
28575.0,46.0,8.1,0.0,42.0,11877.0,0.485394409
3499.0,1477.0,6.2,0.0,43.0,1307.0,0.063758166
24851.0,55.0,6.5,0.0,14.0,9235.0,0.490196026
41556.0,308.0,6.9,3.0,9.0,15424.0,0.423377361
24582.0,742.0,7.4,3.0,23.0,8415.0,0.556373981
19102.0,52.0,6.5,4.0,14.0,6984.0,0.376794676
71375.0,337.0,6.9,28.0,9.0,25369.0,0.7271768
21037.0,780.0,9.1,0.0,18.0,8544.0,0.713275041
43051.0,1837.0,10.6,10.0,50.0,12796.0,2.160981554
7451.0,994.0,7.0,0.0,25.0,2874.0,0.148376581
1894.0,1362.0,9.2,0.0,37.0,692.0,0.027569056
6579.0,1462.0,9.2,0.0,41.0,2166.0,0.425060216
31175.0,665.0,6.2,9.0,36.0,12393.0,0.988282254
4472.0,735.0,8.3,0.0,17.0,2105.0,0.105084547
14350.0,154.0,6.8,0.0,27.0,4464.0,0.691739043
7531.0,768.0,6.2,0.0,43.0,2810.0,0.137228565
52377.0,119.0,9.2,0.0,37.0,18981.0,0.762399382
20705.0,370.0,7.0,6.0,10.0,8907.0,0.285396847
4472.0,626.0,6.8,0.0,16.0,1668.0,0.213500578
5121.0,1735.0,7.3,7.0,46.0,2271.0,0.057717091
5877.0,1593.0,6.2,0.0,43.0,2246.0,0.107089666
47364.0,1765.0,6.9,6.0,47.0,12897.0,0.578254313
38684.0,491.0,8.7,10.0,38.0,14521.0,0.601083777
14340.0,404.0,7.0,0.0,10.0,6275.0,0.197661956
61197.0,64.0,10.2,0.0,32.0,23523.0,0.519833863
10178.0,1002.0,6.8,0.0,27.0,3587.0,0.49062857
77516.0,1370.0,9.2,3.0,37.0,27000.0,1.128322555
6033.0,642.0,6.8,0.0,16.0,1901.0,0.288025265
6841.0,596.0,6.9,0.0,15.0,2284.0,0.255767083
13253.0,13.0,7.0,0.0,13.0,4945.0,0.194513416
17069.0,543.0,6.9,0.0,15.0,6016.0,0.63816523
24263.0,1829.0,7.9,0.0,49.0,8974.0,0.555077192
2043.0,1455.0,9.2,0.0,41.0,675.0,0.131995443
8645.0,602.0,6.9,0.0,15.0,3074.0,0.323213921
8397.0,1528.0,6.2,0.0,43.0,3427.0,0.153008665
21012.0,31.0,7.1,0.0,33.0,8555.0,0.226640035
39531.0,244.0,10.6,12.0,50.0,12223.0,1.984292161
27245.0,307.0,6.9,0.0,9.0,10366.0,0.277575228
152.0,1591.0,6.2,0.0,43.0,47.0,0.002769717
8313.0,541.0,7.0,0.0,25.0,3062.0,0.165542144
30267.0,1490.0,8.1,7.0,42.0,12664.0,0.514135873
14523.0,1695.0,7.3,0.0,46.0,6081.0,0.163683912
8647.0,88.0,9.6,0.0,1.0,2220.0,0.246240362
7200.0,1540.0,6.2,0.0,43.0,2336.0,0.131197141
26314.0,30.0,7.6,6.0,0.0,11517.0,0.543736527
31749.0,160.0,7.0,0.0,25.0,12808.0,0.632238366
45602.0,170.0,7.2,0.0,4.0,14980.0,0.413860995
14011.0,145.0,6.5,0.0,14.0,5621.0,0.276372642
60669.0,723.0,8.3,14.0,17.0,25559.0,1.42562039
14604.0,51.0,8.3,0.0,35.0,6606.0,0.242370508
54764.0,1219.0,7.1,0.0,33.0,18118.0,0.590696501
22061.0,117.0,7.0,0.0,3.0,7859.0,0.644154189
11586.0,236.0,9.8,4.0,26.0,3341.0,0.610762446
21938.0,1825.0,7.9,10.0,49.0,8957.0,0.501886965
22068.0,1491.0,8.1,6.0,42.0,9034.0,0.374862076
7348.0,1352.0,6.2,0.0,36.0,2925.0,0.232939791
2585.0,404.0,10.5,0.0,34.0,1000.0,0.132637877
16841.0,161.0,7.0,0.0,13.0,6621.0,0.247174258
7090.0,1678.0,11.7,0.0,45.0,2373.0,0.158486601
28706.0,35.0,10.5,0.0,48.0,12174.0,0.890191336
1389.0,1536.0,6.2,0.0,43.0,608.0,0.025310115
29036.0,236.0,6.2,4.0,36.0,10911.0,0.920473569
5765.0,162.0,8.1,0.0,42.0,2573.0,0.097928216
70942.0,1306.0,7.9,12.0,49.0,21701.0,1.622976802
28067.0,54.0,8.3,0.0,35.0,11988.0,0.465804783
20386.0,64.0,7.0,0.0,10.0,7885.0,0.280999765
7711.0,428.0,6.8,1.0,16.0,2627.0,0.368135724
12668.0,647.0,6.2,0.0,36.0,5275.0,0.401589722
4248.0,915.0,7.4,0.0,23.0,1498.0,0.096146639
3758.0,918.0,7.4,0.0,23.0,1339.0,0.085056278
24704.0,1389.0,8.7,0.0,38.0,8914.0,0.383858278
1996.0,1081.0,6.8,0.0,27.0,636.0,0.096216803
11702.0,1511.0,6.2,0.0,43.0,4572.0,0.213231797
9541.0,514.0,10.5,0.0,34.0,3325.0,0.489554348
66765.0,6.0,6.8,16.0,16.0,23293.0,3.187470054
2611.0,440.0,7.0,0.0,10.0,1153.0,0.035989914
54950.0,1658.0,5.8,0.0,44.0,15439.0,0.938690743
20528.0,789.0,7.0,6.0,25.0,7718.0,0.408787337
17769.0,109.0,7.0,0.0,3.0,7186.0,0.518833044
17209.0,33.0,7.6,0.0,0.0,7147.0,0.355596332
4212.0,150.0,7.0,0.0,13.0,1774.0,0.061819249
32208.0,36.0,6.5,6.0,14.0,11067.0,0.635315826
15941.0,663.0,6.8,0.0,16.0,6229.0,0.761049354
32113.0,76.0,9.6,9.0,1.0,8394.0,0.914480946
25095.0,611.0,6.9,0.0,15.0,8033.0,0.938236361
8683.0,397.0,7.0,0.0,10.0,3689.0,0.119686106
32120.0,50.0,6.8,7.0,16.0,11824.0,1.533461217
18240.0,1397.0,8.7,42.0,38.0,6392.0,0.283418677
16249.0,44.0,6.9,0.0,15.0,5262.0,0.607507576
26032.0,9.0,7.6,0.0,0.0,11769.0,0.53790945
4074.0,147.0,9.8,0.0,26.0,1347.0,0.21476318
4421.0,717.0,8.3,0.0,17.0,2027.0,0.103886132
9047.0,933.0,7.4,0.0,23.0,2835.0,0.204764275
6833.0,55.0,7.0,0.0,10.0,3172.0,0.094185784
5723.0,67.0,9.6,0.0,1.0,1996.0,0.162973701
17284.0,738.0,6.2,0.0,43.0,6514.0,0.314946025
16811.0,35.0,7.0,0.0,3.0,7057.0,0.490860617
8611.0,427.0,7.0,0.0,10.0,3539.0,0.118693661
9911.0,115.0,7.1,0.0,24.0,4017.0,0.328538136
44191.0,333.0,6.9,0.0,9.0,18451.0,0.450223047
4909.0,64.0,7.8,0.0,5.0,1396.0,0.076708997
17607.0,988.0,7.0,0.0,25.0,6015.0,0.350619576
1377.0,703.0,9.2,0.0,41.0,477.0,0.088966092
28977.0,753.0,6.2,0.0,36.0,11471.0,0.918603203
37317.0,712.0,8.3,8.0,17.0,15124.0,0.876887308
23517.0,966.0,7.1,0.0,24.0,8971.0,0.77956123
3656.0,1349.0,6.2,0.0,36.0,1375.0,0.115899276
18760.0,411.0,8.3,0.0,35.0,7092.0,0.311344203
30302.0,1676.0,11.7,4.0,45.0,9014.0,0.677356981
1608.0,424.0,7.0,0.0,10.0,751.0,0.022164604
33370.0,395.0,6.5,4.0,14.0,11567.0,0.658236746
8732.0,137.0,6.9,0.0,9.0,3429.0,0.088962631
34909.0,617.0,6.9,0.0,15.0,9005.0,1.305156132
17586.0,1727.0,7.3,0.0,46.0,7116.0,0.198205968
7462.0,1633.0,6.2,0.0,43.0,2985.0,0.135971259
66781.0,261.0,7.7,10.0,31.0,22214.0,1.306664319
35567.0,556.0,6.5,4.0,14.0,14147.0,0.70157346
823.0,427.0,6.2,0.0,43.0,356.0,0.014996562
12304.0,500.0,6.9,0.0,15.0,4037.0,0.460014353
67560.0,29.0,7.1,0.0,33.0,25744.0,0.72871696
38779.0,1383.0,8.7,7.0,38.0,13826.0,0.602559916
23963.0,1146.0,7.7,6.0,31.0,8930.0,0.468869844
12326.0,955.0,7.1,0.0,24.0,5601.0,0.408592581
29503.0,1481.0,8.1,6.0,42.0,11774.0,0.501158049
1587.0,81.0,9.6,0.0,1.0,530.0,0.045192952
11555.0,1663.0,5.8,0.0,44.0,3024.0,0.197389837
48342.0,123.0,7.0,0.0,3.0,19099.0,1.411527212
2629.0,629.0,6.8,0.0,16.0,1057.0,0.12551275
28385.0,1297.0,8.3,4.0,35.0,11730.0,0.471082366
16999.0,1692.0,7.3,0.0,46.0,7157.0,0.191590086
62190.0,375.0,7.0,0.0,10.0,19050.0,0.857224339
65767.0,36.0,8.3,20.0,35.0,29414.0,1.0914805
69410.0,63.0,7.0,0.0,10.0,27267.0,0.956744514
57835.0,161.0,8.3,7.0,35.0,19370.0,0.959839657
4332.0,1260.0,10.5,0.0,34.0,1453.0,0.22227748
5201.0,138.0,5.6,0.0,28.0,1907.0,0.075416756
8460.0,136.0,10.6,0.0,50.0,2550.0,0.424656894
2135.0,738.0,8.3,0.0,17.0,894.0,0.050168942
58266.0,145.0,7.0,0.0,25.0,21236.0,1.160288532
18760.0,1541.0,6.2,0.0,43.0,6265.0,0.341841439
8985.0,40.0,7.0,0.0,3.0,4256.0,0.262350999
40497.0,61.0,7.6,6.0,0.0,15892.0,0.836805431
18029.0,147.0,7.0,6.0,3.0,7524.0,0.526424726
6336.0,267.0,7.8,0.0,5.0,1612.0,0.099007579
17505.0,1191.0,7.1,0.0,33.0,6897.0,0.188812765
98971.0,73.0,9.6,13.0,1.0,27556.0,2.818394224
12469.0,152.0,6.5,0.0,14.0,4720.0,0.245956068
6918.0,90.0,9.6,0.0,1.0,2346.0,0.19700368
21709.0,1320.0,6.2,6.0,36.0,7932.0,0.688199501
14462.0,1474.0,8.1,0.0,42.0,5704.0,0.24566138
6580.0,1319.0,5.8,0.0,44.0,1753.0,0.112403732
26398.0,1429.0,7.0,0.0,40.0,11389.0,0.358264457
19556.0,138.0,7.7,4.0,31.0,6608.0,0.382640682
811.0,249.0,7.8,0.0,5.0,240.0,0.012672845
12457.0,160.0,7.0,0.0,3.0,5747.0,0.363729148
43184.0,781.0,9.1,0.0,18.0,17459.0,1.464185453
35268.0,715.0,8.3,0.0,17.0,15900.0,0.828739223
25439.0,153.0,7.0,6.0,3.0,11803.0,0.742787654
37480.0,113.0,7.0,24.0,3.0,13982.0,1.094370111
45804.0,1285.0,8.3,6.0,35.0,15202.0,0.760171101
28719.0,1622.0,6.2,0.0,43.0,12311.0,0.523312595
21122.0,538.0,8.3,0.0,17.0,8597.0,0.496331798
16927.0,560.0,6.5,0.0,14.0,6569.0,0.333891921
18578.0,34.0,7.4,0.0,23.0,5955.0,0.420483111
5520.0,1323.0,6.2,0.0,36.0,2192.0,0.174990154
23341.0,323.0,7.9,4.0,22.0,8926.0,0.336247757
9813.0,1836.0,10.6,0.0,50.0,2704.0,0.49257188
5882.0,227.0,7.8,0.0,5.0,2010.0,0.091913285
44823.0,1.0,7.0,12.0,10.0,17808.0,0.617838343
4715.0,1078.0,6.8,0.0,27.0,1696.0,0.227285686
27604.0,503.0,7.0,0.0,13.0,11004.0,0.405142107
27811.0,1328.0,6.2,0.0,36.0,10647.0,0.881639703
8515.0,744.0,8.3,0.0,17.0,3576.0,0.200088309
7733.0,1091.0,6.8,0.0,27.0,2833.0,0.372767806
7279.0,1386.0,8.7,0.0,38.0,3205.0,0.11310332
17810.0,29.0,7.0,0.0,3.0,6776.0,0.520030194
25776.0,501.0,8.1,0.0,42.0,11021.0,0.437848689
13442.0,35.0,8.3,0.0,17.0,5966.0,0.315864598
3093.0,564.0,6.8,0.0,16.0,1144.0,0.147664867
5505.0,1445.0,9.2,0.0,41.0,1989.0,0.355670541
37320.0,1479.0,8.1,10.0,42.0,14540.0,0.633942934
33701.0,132.0,7.0,6.0,3.0,12164.0,0.984027938
21416.0,28.0,7.0,4.0,13.0,8312.0,0.314321235
9483.0,99.0,6.9,0.0,2.0,2918.0,0.109750119
19874.0,586.0,6.9,5.0,15.0,6634.0,0.743036838
82542.0,1406.0,10.1,10.0,39.0,23928.0,0.858743137
19790.0,1444.0,9.2,8.0,41.0,6149.0,1.278604907
4966.0,1022.0,7.0,0.0,25.0,1766.0,0.098891169
16800.0,799.0,12.1,0.0,19.0,6671.0,0.426776967
36791.0,370.0,6.8,0.0,27.0,11542.0,1.773503215
28754.0,1729.0,7.3,6.0,46.0,10544.0,0.324076788
14836.0,732.0,7.3,0.0,46.0,5783.0,0.167211631
21221.0,585.0,7.3,12.0,46.0,9638.0,0.239174846
12383.0,693.0,8.3,0.0,17.0,5413.0,0.290979863
41182.0,887.0,7.9,0.0,22.0,15565.0,0.593263148
4280.0,236.0,5.8,0.0,12.0,1477.0,0.109793137
18529.0,44.0,6.9,0.0,9.0,7811.0,0.188775607
3758.0,1632.0,6.2,0.0,43.0,1326.0,0.068477619
6648.0,361.0,7.0,0.0,10.0,2685.0,0.091635752
3023.0,29.0,6.8,0.0,27.0,1077.0,0.145723145
39764.0,1359.0,9.2,4.0,37.0,13448.0,0.578804609
43592.0,142.0,7.0,0.0,3.0,15586.0,1.272833028
34844.0,128.0,7.0,5.0,13.0,13943.0,0.511403115
8233.0,632.0,6.8,0.0,16.0,2909.0,0.393056855
18988.0,341.0,7.0,0.0,10.0,6568.0,0.261729792
8145.0,406.0,6.2,0.0,43.0,3086.0,0.148416766
763.0,1275.0,10.5,0.0,34.0,270.0,0.039149981
23081.0,481.0,10.6,6.0,50.0,4576.0,1.158570422
7182.0,23.0,7.0,0.0,3.0,3112.0,0.209705607
27052.0,1420.0,7.0,0.0,40.0,11703.0,0.367140317
19066.0,45.0,7.6,5.0,0.0,8435.0,0.393968253
49565.0,1603.0,6.2,9.0,43.0,19328.0,0.903164762
30650.0,1225.0,7.3,10.0,46.0,13283.0,0.345445975
37820.0,36.0,7.0,22.0,13.0,14933.0,0.555081673
37353.0,484.0,7.1,0.0,33.0,13870.0,0.402897641
33680.0,556.0,6.8,0.0,16.0,10110.0,1.607938163
1918.0,1450.0,9.2,0.0,41.0,705.0,0.123919364
14740.0,216.0,6.2,0.0,43.0,6368.0,0.268589702
55601.0,0.0,7.6,6.0,0.0,20181.0,1.148905321
5779.0,1538.0,6.2,0.0,43.0,2252.0,0.105303927
10027.0,967.0,7.1,0.0,24.0,4849.0,0.332383401
24715.0,46.0,7.1,6.0,24.0,11465.0,0.819273538
51276.0,439.0,8.7,8.0,38.0,18888.0,0.796742109
5277.0,7.0,7.0,0.0,3.0,2203.0,0.154081939
28383.0,9.0,7.1,0.0,33.0,12049.0,0.306145256
8424.0,434.0,9.2,0.0,41.0,2793.0,0.54426315
39019.0,122.0,6.8,12.0,16.0,13722.0,1.862830735
78843.0,327.0,8.1,38.0,42.0,27636.0,1.339280887
17307.0,1745.0,7.3,0.0,46.0,5230.0,0.195061452
58812.0,930.0,7.4,5.0,23.0,20389.0,1.331114905
31097.0,1179.0,10.2,0.0,32.0,11430.0,0.264151407
12772.0,6.0,8.3,0.0,17.0,5525.0,0.300120714
6123.0,36.0,6.2,0.0,36.0,2705.0,0.194105926
84501.0,1388.0,8.7,12.0,38.0,28970.0,1.313002282
2213.0,1460.0,9.2,0.0,41.0,721.0,0.142978912
76351.0,389.0,6.5,24.0,14.0,26077.0,1.506054354
17408.0,727.0,8.3,0.0,17.0,8737.0,0.409058988
4488.0,476.0,5.8,0.0,12.0,1447.0,0.115128879
7060.0,463.0,5.8,0.0,12.0,2048.0,0.181107372
22980.0,1569.0,6.2,0.0,43.0,8124.0,0.418737541
8026.0,381.0,10.5,0.0,48.0,3816.0,0.24889137
37678.0,134.0,7.0,12.0,3.0,12752.0,1.100151469
28281.0,1313.0,8.3,5.0,35.0,10569.0,0.469356364
13775.0,1784.0,10.5,0.0,48.0,6032.0,0.42717152
2612.0,641.0,6.8,0.0,16.0,922.0,0.124701143
23145.0,1482.0,8.1,0.0,42.0,9842.0,0.393156731
31191.0,47.0,8.3,4.0,17.0,11947.0,0.732936517
34711.0,438.0,7.0,0.0,25.0,12666.0,0.691222587
9872.0,84.0,9.6,0.0,1.0,3147.0,0.28112465
5239.0,113.0,6.8,0.0,27.0,1803.0,0.252545007
48518.0,58.0,8.3,4.0,17.0,18183.0,1.14009214
3582.0,1508.0,6.2,27.0,43.0,1287.0,0.065270578
1268.0,245.0,9.8,0.0,26.0,421.0,0.066843327
18256.0,303.0,6.9,0.0,9.0,7427.0,0.185994251
21627.0,171.0,7.2,0.0,4.0,6484.0,0.196275859
7788.0,29.0,7.1,0.0,24.0,3177.0,0.258163153
4250.0,222.0,5.8,0.0,12.0,1680.0,0.109023559
8802.0,1712.0,7.3,0.0,46.0,3128.0,0.09920442
28248.0,987.0,7.1,0.0,24.0,12530.0,0.936388384
56097.0,46.0,10.5,14.0,48.0,23884.0,1.739603684
25418.0,58.0,6.2,0.0,43.0,9951.0,0.463162351
8768.0,44.0,9.8,0.0,26.0,2573.0,0.462210006
3378.0,1041.0,9.8,0.0,26.0,1153.0,0.178073152
55286.0,1681.0,11.7,0.0,45.0,16558.0,1.235837835
1282.0,1220.0,9.2,0.0,41.0,449.0,0.082828271
12841.0,11.0,7.6,0.0,0.0,5876.0,0.265338631
21847.0,504.0,7.0,4.0,13.0,7884.0,0.320646994
3023.0,138.0,6.8,0.0,16.0,1111.0,0.144322953
15513.0,348.0,7.0,0.0,10.0,6113.0,0.213830538
32721.0,765.0,9.1,0.0,18.0,14345.0,1.109429701
40959.0,519.0,8.3,5.0,35.0,13722.0,0.679762644
27259.0,25.0,5.8,0.0,12.0,7817.0,0.699264283
32358.0,33.0,8.1,6.0,42.0,12813.0,0.549655023
59131.0,519.0,10.5,29.0,48.0,26929.0,1.833689956
67744.0,1280.0,10.5,19.0,34.0,22233.0,3.47598467
26427.0,790.0,9.1,0.0,18.0,9561.0,0.896026977
33304.0,808.0,9.6,0.0,20.0,13572.0,0.275571357
6899.0,685.0,6.8,0.0,16.0,2246.0,0.329369519
21112.0,1412.0,7.0,0.0,40.0,9140.0,0.286524707
11534.0,47.0,7.0,0.0,13.0,4495.0,0.169283766
40968.0,1395.0,8.7,5.0,38.0,15745.0,0.636573265
3671.0,1642.0,6.2,0.0,43.0,1304.0,0.06689232
13401.0,563.0,7.0,0.0,25.0,5771.0,0.266862778
16762.0,23.0,7.0,0.0,25.0,6485.0,0.333792544
45749.0,851.0,7.9,4.0,22.0,16516.0,0.659054824
26170.0,13.0,6.5,0.0,14.0,9962.0,0.516213834
26461.0,161.0,9.2,4.0,37.0,9734.0,0.3851662
54401.0,154.0,6.8,18.0,16.0,19408.0,2.597192517
57781.0,56.0,7.6,8.0,0.0,22378.0,1.193951518
40462.0,749.0,9.1,2.0,18.0,16100.0,1.37189403
9378.0,668.0,6.8,6.0,16.0,3072.0,0.447721024
19489.0,194.0,6.5,0.0,14.0,7861.0,0.384428407
16121.0,1007.0,7.0,0.0,25.0,5649.0,0.321027897
9280.0,306.0,6.8,0.0,27.0,2923.0,0.447340649
3997.0,647.0,6.8,0.0,16.0,1348.0,0.190823303
20138.0,24.0,8.1,4.0,42.0,8167.0,0.342077781
7584.0,1561.0,6.2,0.0,43.0,3059.0,0.138194322
12619.0,368.0,6.2,0.0,43.0,5005.0,0.229941211
7937.0,1098.0,6.8,0.0,27.0,3076.0,0.382601588
5171.0,625.0,7.0,0.0,25.0,1896.0,0.102973467
28494.0,919.0,7.4,0.0,23.0,8920.0,0.644915801
72133.0,449.0,9.4,9.0,11.0,19376.0,1.117167233
3309.0,630.0,6.8,0.0,16.0,1395.0,0.15797706
18743.0,1053.0,7.7,0.0,31.0,6323.0,0.366733192
11720.0,1280.0,6.2,0.0,43.0,4073.0,0.21355979
24001.0,161.0,7.0,5.0,10.0,8942.0,0.330828772
21764.0,863.0,7.9,0.0,22.0,8032.0,0.313529677
12274.0,707.0,8.3,0.0,17.0,5678.0,0.288418544
9531.0,672.0,6.8,0.0,16.0,3544.0,0.455025494
35185.0,138.0,6.8,19.0,27.0,13291.0,1.696086288
5519.0,921.0,7.4,0.0,23.0,1916.0,0.124913677
24528.0,868.0,7.9,0.0,22.0,9805.0,0.353347542
21174.0,52.0,7.0,0.0,13.0,8629.0,0.310769417
20029.0,621.0,6.9,0.0,15.0,6259.0,0.748831882
2247.0,245.0,6.9,0.0,47.0,850.0,0.027433018
54033.0,1741.0,7.3,34.0,46.0,17931.0,0.608988006
5575.0,1108.0,5.6,0.0,28.0,1823.0,0.080839918
919.0,1253.0,10.5,0.0,34.0,312.0,0.047154433
16184.0,112.0,8.1,0.0,42.0,7150.0,0.274912445
56019.0,1645.0,6.2,0.0,43.0,21537.0,1.020768421
2374.0,130.0,10.5,0.0,34.0,925.0,0.121811343
5527.0,906.0,6.8,0.0,27.0,2241.0,0.266427992
50310.0,1503.0,6.2,6.0,43.0,17891.0,0.916740021
16866.0,1626.0,6.2,0.0,43.0,6242.0,0.307329302
19101.0,1145.0,7.7,6.0,31.0,4783.0,0.373737967
48560.0,1181.0,10.2,0.0,32.0,16219.0,0.412489704
5816.0,513.0,10.5,0.0,34.0,2276.0,0.298422397
10589.0,776.0,6.2,0.0,43.0,4721.0,0.192950906
10714.0,1031.0,9.8,0.0,26.0,3148.0,0.56479448
41179.0,1351.0,6.2,0.0,36.0,18332.0,1.305420206
81643.0,1032.0,9.8,20.0,26.0,28704.0,4.303856237
15392.0,1798.0,7.9,0.0,49.0,5839.0,0.35213074
6237.0,586.0,7.3,0.0,46.0,2406.0,0.070295156
6221.0,569.0,7.0,0.0,25.0,2511.0,0.123882795
14917.0,768.0,9.1,0.0,18.0,6115.0,0.505771916
41619.0,111.0,7.0,17.0,3.0,16754.0,1.215223843
13373.0,240.0,7.0,0.0,25.0,5687.0,0.266305196
10143.0,724.0,8.3,0.0,17.0,4756.0,0.238343596
6495.0,1466.0,9.2,0.0,41.0,2153.0,0.419633091
7997.0,13.0,6.8,0.0,16.0,2885.0,0.38178983
5191.0,441.0,6.2,0.0,43.0,1950.0,0.094589494
3825.0,1568.0,6.2,0.0,43.0,1271.0,0.069698481
13918.0,78.0,9.6,4.0,1.0,4909.0,0.396342472
10319.0,155.0,7.0,0.0,3.0,3999.0,0.301302166
18165.0,66.0,7.1,0.0,24.0,7974.0,0.602148647
70963.0,29.0,9.6,6.0,21.0,22840.0,0.771096799
50251.0,816.0,9.6,0.0,20.0,15345.0,0.41579799
9252.0,514.0,8.3,0.0,17.0,3680.0,0.217406581
27591.0,272.0,7.7,8.0,31.0,11029.0,0.539856774
42454.0,8.0,6.2,0.0,43.0,13721.0,0.773589363
37543.0,1249.0,7.1,0.0,33.0,14788.0,0.404947022
44732.0,1014.0,7.0,18.0,25.0,15048.0,0.890777239
33147.0,541.0,6.5,5.0,14.0,10587.0,0.653837981
20412.0,334.0,7.9,0.0,49.0,7199.0,0.466975874
8039.0,334.0,7.0,0.0,10.0,3555.0,0.110809237
852.0,117.0,5.8,0.0,12.0,294.0,0.021856017
16207.0,913.0,7.4,4.0,23.0,5295.0,0.366819344
4190.0,483.0,6.8,0.0,27.0,1423.0,0.20197816
24032.0,776.0,9.1,0.0,18.0,10004.0,0.814822731
17150.0,516.0,8.3,5.0,17.0,7077.0,0.402996418
104534.0,1802.0,7.9,48.0,49.0,28997.0,2.391478349
5740.0,327.0,7.0,0.0,13.0,2081.0,0.084245606
41107.0,1340.0,6.2,0.0,36.0,16608.0,1.303137726
23148.0,973.0,6.2,0.0,43.0,9112.0,0.421798808
8013.0,1738.0,7.3,8.0,46.0,3159.0,0.090311863
2139.0,518.0,6.2,0.0,43.0,887.0,0.038976484
33830.0,32.0,6.2,5.0,43.0,12481.0,0.616444344
6401.0,439.0,6.9,0.0,15.0,2614.0,0.239316635
5858.0,235.0,7.8,0.0,5.0,2178.0,0.091538257
47079.0,1192.0,7.1,8.0,33.0,20171.0,0.507804407
16320.0,990.0,7.0,0.0,25.0,5824.0,0.324990712
33338.0,54.0,7.6,9.0,0.0,13764.0,0.6888762
1903.0,140.0,10.5,0.0,34.0,683.0,0.097644054
11950.0,46.0,6.8,0.0,16.0,4457.0,0.570512501
20891.0,120.0,7.0,0.0,3.0,8095.0,0.609991622
69267.0,229.0,7.8,20.0,5.0,14889.0,1.082379726
17296.0,1008.0,7.0,0.0,25.0,7417.0,0.344426431
19572.0,758.0,9.1,5.0,18.0,8662.0,0.663603133
29989.0,1504.0,6.2,0.0,43.0,10132.0,0.546454313
903.0,1464.0,6.2,0.0,43.0,323.0,0.016454308
36644.0,194.0,7.3,0.0,46.0,12338.0,0.413002359
45131.0,1260.0,7.9,0.0,49.0,14265.0,1.032485214
17622.0,312.0,7.1,0.0,24.0,7855.0,0.584148828
928.0,398.0,9.2,0.0,41.0,305.0,0.059956814
45815.0,353.0,7.0,18.0,25.0,17940.0,0.912343719
1825.0,1074.0,6.8,0.0,27.0,697.0,0.087973781
13033.0,1522.0,6.2,0.0,43.0,4991.0,0.237485047
810.0,1087.0,6.8,0.0,27.0,294.0,0.039045897
77781.0,379.0,6.5,16.0,14.0,24277.0,1.534261683
19815.0,404.0,6.2,0.0,36.0,8942.0,0.62815759
20127.0,115.0,6.5,0.0,14.0,7496.0,0.397013215
18691.0,1513.0,6.2,0.0,43.0,7171.0,0.340584133
49038.0,1376.0,8.1,8.0,42.0,18324.0,0.832992861
805.0,441.0,6.8,0.0,27.0,303.0,0.038804873
34810.0,1022.0,7.1,8.0,33.0,14888.0,0.375468286
15816.0,1333.0,6.2,0.0,36.0,5135.0,0.501384831
13938.0,419.0,7.0,0.0,10.0,5485.0,0.192120805
19779.0,31.0,7.3,0.0,46.0,6623.0,0.222922543
38359.0,39.0,7.0,0.0,25.0,13883.0,0.76386757
51736.0,35.0,7.6,10.0,0.0,21354.0,1.069041307
3829.0,1257.0,10.5,0.0,34.0,1368.0,0.196468253
32201.0,149.0,7.0,8.0,25.0,11737.0,0.641239334
18389.0,1519.0,6.2,0.0,43.0,7277.0,0.335081142
26321.0,713.0,8.3,6.0,17.0,11641.0,0.618499634
26244.0,841.0,7.9,0.0,22.0,10003.0,0.378068041
49437.0,1137.0,7.7,8.0,31.0,16791.0,0.967304532
9605.0,232.0,7.8,0.0,5.0,2543.0,0.150089614
60537.0,1570.0,6.2,12.0,43.0,23089.0,1.103094627
47291.0,140.0,6.2,0.0,36.0,15834.0,1.499177419
28592.0,46.0,7.0,8.0,25.0,9727.0,0.569370983
2283.0,1259.0,10.5,0.0,34.0,844.0,0.117142079
5745.0,1033.0,9.8,0.0,26.0,2065.0,0.302850876
8484.0,306.0,6.2,0.0,43.0,3427.0,0.154593964
67111.0,795.0,12.1,12.0,19.0,28593.0,1.704846967
67056.0,535.0,7.0,26.0,13.0,24426.0,0.984176538
33308.0,594.0,7.9,58.0,22.0,11538.0,0.479831211
16428.0,395.0,7.1,0.0,24.0,7258.0,0.544569115
5673.0,138.0,7.4,0.0,23.0,2005.0,0.128399219
16134.0,13.0,6.9,0.0,15.0,5178.0,0.603208028
2793.0,684.0,6.8,0.0,16.0,1063.0,0.133342378
12690.0,623.0,6.9,0.0,15.0,4942.0,0.474445883
7717.0,13.0,8.1,0.0,42.0,3427.0,0.131086217
8457.0,316.0,6.9,0.0,9.0,3581.0,0.086160899
2508.0,669.0,6.8,0.0,16.0,906.0,0.119736013
8566.0,1015.0,10.6,0.0,50.0,2764.0,0.429977654
35713.0,1004.0,7.0,4.0,25.0,13298.0,0.711176061
78753.0,993.0,7.0,32.0,25.0,26592.0,1.56825941
28875.0,1607.0,6.2,8.0,43.0,11269.0,0.5261552
9404.0,1028.0,9.8,0.0,26.0,2808.0,0.4957371
22391.0,1713.0,7.3,0.0,46.0,8052.0,0.252361528
11327.0,828.0,9.6,0.0,21.0,2931.0,0.123081232
13714.0,663.0,7.0,0.0,25.0,4550.0,0.273095749
21645.0,947.0,7.4,0.0,23.0,8129.0,0.489899716
23428.0,1364.0,9.2,0.0,37.0,6920.0,0.341017865
6682.0,137.0,7.0,0.0,3.0,2947.0,0.195106219
9345.0,945.0,7.4,0.0,23.0,3341.0,0.211509025
7063.0,579.0,6.9,0.0,15.0,2418.0,0.264067082
7569.0,367.0,7.0,0.0,25.0,3003.0,0.150726391
14705.0,999.0,7.0,0.0,25.0,5505.0,0.292830173
43602.0,486.0,8.3,0.0,35.0,16535.0,0.723626329
22671.0,318.0,7.1,6.0,33.0,9889.0,0.244534372
60115.0,1213.0,7.1,6.0,33.0,22123.0,0.648413559
23410.0,772.0,9.1,0.0,18.0,7835.0,0.793733361
37517.0,843.0,7.9,6.0,22.0,15789.0,0.54046558
29483.0,932.0,7.4,0.0,23.0,11331.0,0.667300223
7027.0,1505.0,6.2,0.0,43.0,2359.0,0.128044765
40574.0,1534.0,6.2,5.0,43.0,14449.0,0.739332332
50921.0,1301.0,6.2,0.0,43.0,19399.0,0.927873557
31582.0,766.0,9.1,5.0,18.0,11652.0,1.070811064
39383.0,168.0,7.2,6.0,4.0,14753.0,0.357420454
4658.0,871.0,7.9,0.0,49.0,1637.0,0.106563474
21515.0,1651.0,6.2,0.0,43.0,9035.0,0.392042567
17821.0,56.0,8.3,2.0,17.0,7134.0,0.4187638
67505.0,1286.0,8.3,15.0,35.0,27678.0,1.120324649
76493.0,1116.0,9.7,27.0,29.0,25593.0,1.578968166
4664.0,671.0,6.8,0.0,16.0,1769.0,0.222666971
6150.0,406.0,6.8,4.0,16.0,2133.0,0.293611036
16535.0,2.0,10.5,0.0,48.0,7685.0,0.512760877
34223.0,40.0,7.0,6.0,13.0,12494.0,0.502288738
10684.0,358.0,7.0,0.0,10.0,2973.0,0.147267806
21098.0,100.0,6.9,3.0,2.0,9566.0,0.244174629
8680.0,368.0,9.8,3.0,26.0,3086.0,0.457571037
6709.0,502.0,7.0,0.0,13.0,2741.0,0.098467555
29439.0,36.0,5.8,0.0,12.0,8032.0,0.755186956
23541.0,40.0,7.3,0.0,46.0,9798.0,0.265322796
54993.0,241.0,7.8,5.0,5.0,11906.0,0.859331402
8276.0,407.0,7.4,0.0,23.0,3024.0,0.187313932
12902.0,1746.0,7.3,0.0,46.0,5105.0,0.145414159
5619.0,1566.0,6.2,0.0,43.0,2001.0,0.102388435
2929.0,1096.0,6.8,0.0,27.0,836.0,0.141191892
2249.0,1544.0,6.2,0.0,43.0,943.0,0.040980885
25832.0,1488.0,8.1,0.0,42.0,11414.0,0.438799943
39138.0,591.0,6.9,12.0,15.0,14497.0,1.463267372
10008.0,83.0,9.6,0.0,1.0,3229.0,0.284997518
24265.0,43.0,8.1,0.0,42.0,9528.0,0.412181814
679.0,1060.0,9.8,0.0,26.0,227.0,0.035793863
1249.0,1142.0,9.2,0.0,41.0,395.0,0.080696186
6968.0,755.0,9.1,0.0,18.0,2607.0,0.236255193
25605.0,538.0,9.1,3.0,18.0,9499.0,0.868156459
27732.0,292.0,6.9,0.0,9.0,11970.0,0.282536841
10247.0,373.0,7.0,0.0,10.0,4146.0,0.141244216
70770.0,1263.0,10.5,26.0,34.0,23126.0,3.631250518
67653.0,1366.0,9.2,0.0,37.0,21311.0,0.984756771
52460.0,1105.0,5.6,7.0,28.0,15710.0,0.760692752
14041.0,13.0,9.2,0.0,41.0,4233.0,0.907169858
9140.0,52.0,7.6,0.0,0.0,4435.0,0.188863413
50159.0,1799.0,7.9,0.0,49.0,14168.0,1.147513369
42542.0,1013.0,7.0,9.0,25.0,15060.0,0.847166353
26111.0,627.0,6.8,4.0,16.0,9773.0,1.246581751
45641.0,508.0,6.2,0.0,43.0,15516.0,0.83166232
11626.0,130.0,10.5,3.0,48.0,5318.0,0.360529662
20348.0,222.0,7.9,0.0,49.0,9076.0,0.465511713
63968.0,874.0,7.9,12.0,22.0,26937.0,0.921515639
3870.0,1274.0,10.5,0.0,34.0,1401.0,0.198571987
7051.0,414.0,7.1,0.0,24.0,3422.0,0.233732459
22813.0,1137.0,9.2,0.0,37.0,9205.0,0.332065928
6907.0,56.0,6.8,0.0,16.0,2612.0,0.329751452
5610.0,138.0,7.8,0.0,5.0,1716.0,0.08766296
35634.0,800.0,12.1,0.0,19.0,11222.0,0.905224431
28925.0,140.0,7.0,0.0,13.0,10519.0,0.424530338
18486.0,964.0,8.1,0.0,42.0,7444.0,0.314015784
1781.0,1138.0,7.7,0.0,31.0,684.0,0.034847773
35218.0,634.0,6.8,4.0,16.0,13330.0,1.681364792
7979.0,691.0,8.3,0.0,17.0,3145.0,0.187493202
8991.0,1386.0,7.9,0.0,49.0,3366.0,0.205691754
14523.0,12.0,7.3,0.0,46.0,4843.0,0.163683912
6562.0,666.0,6.8,0.0,16.0,2740.0,0.313280589
11627.0,1702.0,7.3,0.0,46.0,5324.0,0.131044057
4514.0,257.0,5.6,0.0,28.0,1994.0,0.065454958
10161.0,64.0,5.8,0.0,12.0,3942.0,0.260656091
7106.0,36.0,7.1,0.0,24.0,3536.0,0.235555645
20611.0,149.0,7.1,6.0,33.0,7761.0,0.222314761
2153.0,1322.0,6.2,0.0,36.0,828.0,0.0682525
34215.0,1244.0,7.1,4.0,33.0,13868.0,0.369050485
19404.0,46.0,8.3,6.0,17.0,8148.0,0.455961661
9016.0,1628.0,6.2,0.0,43.0,3417.0,0.164287975
17761.0,1497.0,8.1,0.0,42.0,7611.0,0.301700441
18381.0,36.0,6.9,0.0,15.0,6140.0,0.687217476
73657.0,141.0,7.0,0.0,3.0,25439.0,2.150694217
6556.0,486.0,7.0,0.0,13.0,2587.0,0.096221984
20383.0,1806.0,7.9,0.0,49.0,7033.0,0.466312426
58086.0,1305.0,8.3,8.0,35.0,21940.0,0.964005296
10787.0,866.0,7.9,0.0,22.0,4873.0,0.155396279
648.0,1512.0,6.2,0.0,43.0,228.0,0.011807743
10720.0,595.0,6.9,0.0,15.0,3696.0,0.400792739
40434.0,1811.0,7.9,10.0,49.0,15102.0,0.925029517
23537.0,119.0,7.0,6.0,3.0,9554.0,0.687251582
16750.0,739.0,8.3,0.0,17.0,7097.0,0.393597085
3475.0,664.0,6.8,0.0,16.0,1340.0,0.165902171
79074.0,1809.0,7.9,16.0,49.0,26362.0,1.809016769
5420.0,64.0,6.8,0.0,16.0,1906.0,0.258759645
15234.0,486.0,6.5,0.0,14.0,5701.0,0.300496811
4316.0,257.0,9.8,0.0,26.0,1571.0,0.227520345
14876.0,1495.0,8.1,0.0,42.0,5737.0,0.252693866
5709.0,1075.0,6.8,0.0,27.0,1802.0,0.275201268
55207.0,1180.0,8.3,9.0,35.0,21826.0,0.916224915
13275.0,13.0,7.6,4.0,0.0,5575.0,0.274306544
24015.0,469.0,5.8,0.0,12.0,7079.0,0.616047242
25964.0,378.0,7.0,5.0,10.0,9806.0,0.357886682
5676.0,857.0,7.9,0.0,49.0,2267.0,0.129852786
13773.0,948.0,7.4,2.0,23.0,4805.0,0.311729674
31756.0,757.0,8.1,5.0,42.0,13404.0,0.539429041
12037.0,600.0,7.0,0.0,25.0,4439.0,0.239700564
76840.0,1160.0,10.2,0.0,32.0,29389.0,0.652712291
39022.0,1295.0,8.3,11.0,35.0,16014.0,0.647615857
14755.0,1473.0,8.1,0.0,42.0,6790.0,0.250638478
31567.0,86.0,7.3,28.0,46.0,13899.0,0.355781178
3968.0,662.0,7.3,11.0,46.0,1458.0,0.044722011
47491.0,31.0,10.2,0.0,32.0,17129.0,0.403409154
7336.0,130.0,6.8,0.0,16.0,2456.0,0.350232612
28529.0,1696.0,7.3,0.0,46.0,11642.0,0.321540888
47542.0,1520.0,6.2,12.0,43.0,17381.0,0.86630201
2374.0,937.0,10.5,0.0,34.0,810.0,0.121811343
15042.0,1797.0,7.9,0.0,49.0,5335.0,0.344123609
16862.0,334.0,10.5,0.0,48.0,7494.0,0.522901355
2492.0,98.0,6.8,0.0,16.0,1015.0,0.118972147
50031.0,149.0,6.2,8.0,43.0,20999.0,0.911656132
10218.0,1342.0,6.2,0.0,36.0,4236.0,0.323921991
56031.0,155.0,8.3,6.0,17.0,20561.0,1.316635119
5230.0,1220.0,7.1,0.0,33.0,2338.0,0.056411926
63916.0,215.0,7.2,8.0,4.0,22722.0,0.58006972
46721.0,777.0,9.1,8.0,18.0,16508.0,1.584110054
3922.0,1484.0,6.2,0.0,43.0,1552.0,0.071465998
11930.0,540.0,6.5,0.0,14.0,4519.0,0.235324075
22423.0,351.0,7.0,0.0,10.0,8670.0,0.309077687
66994.0,400.0,7.0,8.0,40.0,27592.0,0.909219223
16867.0,415.0,7.0,0.0,10.0,6805.0,0.232494017
42555.0,413.0,7.9,0.0,49.0,12731.0,0.97355273
26139.0,923.0,7.4,4.0,23.0,9276.0,0.591614169
65936.0,130.0,6.5,19.0,14.0,25702.0,1.300614267
35872.0,395.0,6.2,6.0,43.0,15256.0,0.65365331
6544.0,1085.0,6.8,0.0,27.0,2284.0,0.315452286
21058.0,906.0,7.4,0.0,23.0,6123.0,0.476613917
14896.0,1434.0,7.3,0.0,46.0,4623.0,0.167887871
65592.0,1426.0,7.0,10.0,40.0,23910.0,0.890191767
31039.0,46.0,7.0,10.0,40.0,12130.0,0.421250492
8188.0,435.0,7.0,0.0,10.0,3624.0,0.112863047
43018.0,28.0,10.5,3.0,48.0,20328.0,1.334015567
26159.0,488.0,6.8,0.0,27.0,10513.0,1.26098966
60155.0,64.0,8.3,11.0,35.0,22660.0,0.998342778
23878.0,155.0,6.5,4.0,14.0,9730.0,0.471003207
66692.0,1020.0,7.0,10.0,25.0,27758.0,1.328080919
58672.0,1680.0,11.7,13.0,45.0,19410.0,1.311526922
40599.0,850.0,7.9,0.0,22.0,16787.0,0.584864517
37660.0,1417.0,7.0,8.0,40.0,15091.0,0.511108397
8810.0,465.0,7.4,0.0,23.0,3136.0,0.199400162
47334.0,389.0,7.1,6.0,24.0,18615.0,1.569067111
6250.0,825.0,11.7,0.0,45.0,2097.0,0.139709628
34371.0,895.0,7.4,8.0,23.0,10687.0,0.777932231
32703.0,1338.0,6.2,0.0,36.0,13348.0,1.036721557
14250.0,191.0,7.2,2.0,4.0,4155.0,0.129325889
20154.0,115.0,6.9,6.0,15.0,6403.0,0.753505305
11161.0,1188.0,7.1,0.0,33.0,4766.0,0.120384991
7310.0,651.0,6.8,0.0,16.0,2544.0,0.348991329
19150.0,52.0,7.0,0.0,25.0,6908.0,0.381346332
52879.0,778.0,9.1,8.0,18.0,19575.0,1.792901597
13995.0,64.0,7.0,0.0,13.0,5026.0,0.205403702
15479.0,574.0,6.5,6.0,14.0,5622.0,0.305329535
12392.0,986.0,7.1,0.0,24.0,5504.0,0.410780404
39563.0,54.0,7.1,28.0,24.0,16375.0,1.311467489
22736.0,29.0,6.5,7.0,14.0,8255.0,0.448476795
42929.0,607.0,6.9,5.0,15.0,15180.0,1.605002939
7032.0,1617.0,6.2,0.0,43.0,2785.0,0.128135874
3797.0,645.0,6.2,0.0,36.0,1306.0,0.120369133
20822.0,370.0,7.4,0.0,23.0,6599.0,0.471272437
33415.0,1498.0,8.1,6.0,42.0,14271.0,0.567609944
19278.0,112.0,7.0,0.0,25.0,8280.0,0.383895279
25643.0,1132.0,7.3,36.0,46.0,9088.0,0.28901374
16722.0,46.0,7.0,0.0,3.0,7059.0,0.488261926
4897.0,155.0,6.8,0.0,16.0,1615.0,0.233790771
21534.0,155.0,7.3,0.0,46.0,8601.0,0.242702565
4794.0,1537.0,6.2,0.0,43.0,1547.0,0.08735543
8278.0,11.0,7.1,0.0,24.0,3608.0,0.274406083
5904.0,1327.0,9.2,0.0,41.0,1989.0,0.381449387
6451.0,729.0,8.3,0.0,17.0,3129.0,0.151587749
6900.0,49.0,7.0,0.0,3.0,3081.0,0.201471552
7453.0,445.0,6.9,0.0,15.0,2586.0,0.278648161
10783.0,1089.0,7.3,0.0,46.0,4315.0,0.121531613
75457.0,1688.0,7.3,12.0,46.0,26765.0,0.850450797
26617.0,76.0,7.9,0.0,49.0,9596.0,0.608930867
6040.0,323.0,6.9,0.0,15.0,2201.0,0.22581979
9036.0,444.0,7.0,0.0,10.0,3604.0,0.124551843
43093.0,15.0,7.0,10.0,10.0,15407.0,0.593992096
23660.0,66.0,7.6,4.0,0.0,9848.0,0.488895881
68192.0,889.0,7.9,7.0,22.0,25894.0,0.982366097
27436.0,759.0,9.1,0.0,18.0,10804.0,0.930237868
4771.0,704.0,8.3,0.0,17.0,1998.0,0.112110549
4757.0,327.0,7.0,0.0,25.0,1808.0,0.094729217
16002.0,679.0,7.1,0.0,24.0,6600.0,0.53044771
10138.0,5.0,7.6,0.0,0.0,4853.0,0.209485479
38165.0,1292.0,8.3,8.0,35.0,15439.0,0.633392937
31333.0,957.0,7.1,8.0,24.0,12662.0,1.03865255
45851.0,732.0,8.3,4.0,17.0,18291.0,1.077422085
2508.0,636.0,6.8,0.0,16.0,1045.0,0.119736013
7329.0,1363.0,9.2,2.0,37.0,2823.0,0.106680892
11798.0,627.0,7.0,4.0,25.0,4434.0,0.234941203
26346.0,113.0,6.9,3.0,15.0,9103.0,0.985007977
2059.0,71.0,9.6,0.0,1.0,583.0,0.058634082
18529.0,741.0,8.3,0.0,17.0,7285.0,0.43540062
20187.0,1543.0,6.2,0.0,43.0,7926.0,0.367843984
7380.0,1454.0,9.2,0.0,41.0,2303.0,0.476811734
10718.0,49.0,8.3,0.0,17.0,4530.0,0.251855137
49599.0,972.0,7.1,6.0,24.0,18519.0,1.64414923
23957.0,122.0,7.0,0.0,25.0,9642.0,0.477071231
33683.0,47.0,8.1,0.0,42.0,13531.0,0.572162375
66516.0,869.0,7.9,30.0,22.0,25148.0,0.958221834
3861.0,473.0,5.8,0.0,12.0,1484.0,0.099044697
48956.0,22.0,7.6,6.0,0.0,20251.0,1.011597074
36611.0,639.0,6.8,8.0,16.0,12856.0,1.747868886
21067.0,49.0,7.6,8.0,0.0,9388.0,0.435315703
42132.0,1767.0,6.9,0.0,47.0,14251.0,0.514378235
20764.0,551.0,6.5,0.0,14.0,7587.0,0.409578298
50592.0,801.0,12.1,4.0,19.0,19116.0,1.285208353
2922.0,1096.0,9.2,0.0,41.0,1025.0,0.188786434
25063.0,717.0,8.1,0.0,42.0,10959.0,0.425737185
47532.0,557.0,6.5,0.0,14.0,15830.0,0.937587924
8897.0,1356.0,6.2,0.0,36.0,3101.0,0.282044818
85129.0,36.0,7.9,4.0,49.0,27512.0,1.947540134
8297.0,339.0,7.0,0.0,10.0,3083.0,0.114365498
7508.0,708.0,8.3,0.0,17.0,3435.0,0.176425487
89786.0,1118.0,9.7,54.0,29.0,25559.0,1.853362212
18804.0,196.0,7.2,0.0,4.0,5836.0,0.17065572
11289.0,557.0,6.2,0.0,36.0,4206.0,0.357873885
22000.0,604.0,6.9,0.0,15.0,6617.0,0.822522413
26940.0,257.0,10.5,4.0,48.0,11301.0,0.835426551
7097.0,36.0,6.8,0.0,27.0,2695.0,0.342109546
3645.0,222.0,6.9,0.0,15.0,1390.0,0.136277009
51266.0,1404.0,8.7,8.0,38.0,19282.0,0.796586726
4212.0,1449.0,9.2,0.0,41.0,1488.0,0.272131575
25131.0,1599.0,6.2,0.0,43.0,10021.0,0.457932687
23974.0,148.0,7.0,0.0,3.0,9903.0,0.700011447
46140.0,703.0,10.6,14.0,50.0,12515.0,2.316036536
28360.0,1564.0,6.2,0.0,43.0,11724.0,0.51677096
26625.0,879.0,7.9,0.0,22.0,10213.0,0.383556683
14503.0,255.0,7.8,0.0,5.0,4870.0,0.226626722
8792.0,444.0,7.1,0.0,24.0,4239.0,0.291444586
52516.0,890.0,7.9,0.0,22.0,20706.0,0.756539446
13280.0,35.0,6.8,0.0,16.0,4614.0,0.634008872
10712.0,389.0,6.9,0.0,15.0,3720.0,0.40049364
6121.0,246.0,7.8,0.0,5.0,1611.0,0.095647946
15430.0,36.0,7.0,0.0,10.0,6364.0,0.21268647
36803.0,944.0,7.4,0.0,23.0,11351.0,0.832976635
73901.0,1762.0,6.9,0.0,47.0,26629.0,0.902237396
23785.0,1786.0,10.5,6.0,48.0,11281.0,0.737587993
6254.0,951.0,7.4,0.0,23.0,2135.0,0.141549218
39109.0,440.0,7.0,0.0,25.0,13833.0,0.778802805
10715.0,18.0,7.6,0.0,0.0,5115.0,0.221408257
7450.0,1360.0,10.6,0.0,50.0,2275.0,0.373959085
37779.0,327.0,6.5,6.0,14.0,14283.0,0.745206054
12444.0,538.0,6.8,0.0,16.0,4872.0,0.594096867
11938.0,295.0,7.3,0.0,46.0,4904.0,0.134549235
12086.0,1711.0,7.3,0.0,46.0,5560.0,0.136217294
45507.0,1224.0,7.1,9.0,33.0,16929.0,0.490848471
36219.0,852.0,7.9,5.0,22.0,11561.0,0.521766742
8758.0,389.0,8.3,0.0,17.0,3322.0,0.205798404
16164.0,305.0,6.9,0.0,9.0,6232.0,0.164680712
13746.0,145.0,6.2,0.0,43.0,6051.0,0.250477208
10222.0,169.0,9.2,0.0,41.0,3539.0,0.660429477
40796.0,1822.0,7.9,0.0,49.0,14268.0,0.933311178
3741.0,1614.0,6.2,0.0,43.0,1287.0,0.068167848
43877.0,1347.0,6.2,15.0,36.0,17258.0,1.390949814
6475.0,928.0,7.4,0.0,23.0,2198.0,0.146551197
50923.0,521.0,7.0,4.0,13.0,17568.0,0.747393549
25337.0,847.0,7.9,0.0,22.0,10245.0,0.365001903
11881.0,1029.0,10.6,0.0,50.0,3890.0,0.596376898
6740.0,612.0,6.9,0.0,15.0,2473.0,0.251990957
27689.0,138.0,7.9,0.0,49.0,10919.0,0.633455565
52014.0,152.0,7.0,0.0,25.0,16081.0,1.035788414
6054.0,705.0,7.0,0.0,25.0,2295.0,0.120557216
12110.0,1071.0,7.7,4.0,31.0,4221.0,0.236949206
23933.0,609.0,7.3,0.0,46.0,9534.0,0.269740898
19807.0,438.0,7.1,0.0,33.0,9130.0,0.213642641
4321.0,1421.0,7.9,0.0,49.0,1699.0,0.09885375
31511.0,222.0,6.8,10.0,27.0,11001.0,1.518981811
32607.0,140.0,10.5,12.0,48.0,16745.0,1.011163829
15174.0,548.0,8.3,0.0,35.0,6515.0,0.251830327
12535.0,216.0,7.2,0.0,4.0,4630.0,0.113761405
11127.0,1355.0,6.2,0.0,36.0,4006.0,0.352738304
92573.0,849.0,7.9,20.0,22.0,27702.0,1.333595974
16291.0,122.0,7.9,0.0,49.0,5502.0,0.372697627
7037.0,761.0,9.1,0.0,18.0,3438.0,0.238594689
71012.0,738.0,8.1,8.0,42.0,26771.0,1.206258189
25220.0,1484.0,8.1,0.0,42.0,11830.0,0.428404094
56195.0,1700.0,7.3,4.0,46.0,21897.0,0.63335519
12269.0,128.0,7.0,0.0,3.0,5201.0,0.358239778
10740.0,138.0,6.9,0.0,47.0,3714.0,0.131121766
12838.0,346.0,7.0,0.0,10.0,4739.0,0.176958451
13341.0,133.0,7.0,0.0,3.0,4958.0,0.389540866
44527.0,543.0,10.2,0.0,32.0,17704.0,0.378231652
59916.0,119.0,10.2,9.0,32.0,20476.0,0.508952494
14668.0,11.0,6.2,0.0,36.0,6202.0,0.464991952
9423.0,12.0,6.9,0.0,15.0,3109.0,0.352301304
39981.0,47.0,6.9,0.0,15.0,13674.0,1.494784935
11179.0,1348.0,6.2,0.0,36.0,4535.0,0.354386762
3253.0,1627.0,6.2,0.0,43.0,1223.0,0.059275597
26783.0,1699.0,7.3,0.0,46.0,9373.0,0.301862302
40408.0,475.0,5.8,9.0,12.0,14293.0,1.03657035
44889.0,992.0,7.0,0.0,25.0,15922.0,0.893903682
16806.0,47.0,6.2,0.0,36.0,7041.0,0.532768935
7987.0,1594.0,6.2,0.0,43.0,3045.0,0.145537717
14089.0,1779.0,10.5,0.0,48.0,6651.0,0.43690886
50112.0,509.0,7.0,18.0,13.0,20089.0,0.735490555
1770.0,1076.0,6.8,0.0,27.0,705.0,0.085322516
17270.0,314.0,6.2,0.0,43.0,6485.0,0.31469092
20156.0,29.0,9.1,6.0,18.0,8315.0,0.683404085
43208.0,240.0,7.9,0.0,49.0,15207.0,0.988491749
11811.0,603.0,6.9,0.0,15.0,3706.0,0.441582373
40003.0,438.0,7.3,8.0,46.0,13654.0,0.450860533
38520.0,1430.0,7.0,7.0,40.0,15366.0,0.522780017
67420.0,355.0,7.0,0.0,10.0,22389.0,0.929314438
13139.0,1314.0,8.3,0.0,35.0,5857.0,0.218057115
76456.0,1156.0,7.7,0.0,31.0,28249.0,1.49596932
15795.0,379.0,7.3,0.0,46.0,5651.0,0.178020201
13534.0,633.0,6.2,0.0,43.0,5170.0,0.246614181
3739.0,117.0,9.2,0.0,41.0,1192.0,0.24157169
18699.0,614.0,6.9,5.0,15.0,6499.0,0.699106663
22036.0,1768.0,6.9,0.0,47.0,9564.0,0.269031586
7665.0,1524.0,6.2,0.0,43.0,2718.0,0.139670289
16332.0,439.0,7.0,4.0,13.0,6011.0,0.239703699
10447.0,1464.0,9.2,0.0,41.0,3462.0,0.674966421
4492.0,755.0,8.7,0.0,38.0,1749.0,0.069798065
27828.0,173.0,7.2,6.0,4.0,9425.0,0.252553041
10542.0,1251.0,10.5,0.0,34.0,3681.0,0.540916249
11212.0,300.0,6.2,0.0,43.0,4543.0,0.204303103
5278.0,149.0,6.8,0.0,27.0,1778.0,0.254424994
19268.0,1808.0,7.9,4.0,49.0,6580.0,0.440803995
7878.0,624.0,6.8,0.0,16.0,2929.0,0.376108576
6980.0,1438.0,9.2,0.0,41.0,2322.0,0.450968279
1383.0,251.0,7.8,0.0,5.0,402.0,0.021611029
35886.0,838.0,7.0,0.0,25.0,14384.0,0.714621122
14134.0,548.0,6.9,0.0,15.0,4975.0,0.528433263
5064.0,1325.0,7.3,0.0,46.0,1848.0,0.057074663
16558.0,439.0,8.1,0.0,42.0,7147.0,0.281265463
28558.0,51.0,7.8,6.0,5.0,8302.0,0.446252908
29533.0,390.0,7.0,0.0,10.0,9460.0,0.407081627
30100.0,696.0,8.3,22.0,17.0,12500.0,0.707299836
5360.0,138.0,5.8,0.0,12.0,1712.0,0.137497948
7805.0,145.0,7.0,0.0,3.0,3419.0,0.227896444
17950.0,264.0,7.8,4.0,5.0,4169.0,0.28049022
13345.0,51.0,8.3,0.0,17.0,5930.0,0.313585259
46430.0,804.0,10.2,6.0,32.0,16954.0,0.39439656
60833.0,292.0,8.7,42.0,38.0,21796.0,0.945241687
72679.0,667.0,6.2,14.0,36.0,27053.0,2.304005322
16006.0,290.0,9.2,2.0,37.0,5948.0,0.232983266
34709.0,117.0,7.9,0.0,49.0,10648.0,0.794055733
9108.0,701.0,7.0,0.0,25.0,3427.0,0.181373493
4326.0,130.0,6.2,0.0,36.0,1629.0,0.137139023
39498.0,438.0,8.7,6.0,38.0,15698.0,0.613731957
18794.0,566.0,8.3,0.0,17.0,6782.0,0.441627678
27081.0,115.0,8.3,0.0,35.0,11430.0,0.449440957
22596.0,1742.0,7.3,17.0,46.0,9101.0,0.254672015
4968.0,615.0,6.9,0.0,15.0,1799.0,0.185740516
24881.0,2.0,7.6,5.0,0.0,11325.0,0.514125884
35631.0,1675.0,11.7,10.0,45.0,11368.0,0.796478998
1818.0,648.0,6.8,0.0,16.0,655.0,0.086794287
36804.0,1281.0,8.3,7.0,35.0,13840.0,0.610805546
34993.0,1056.0,9.8,11.0,26.0,11224.0,1.844675493
23347.0,827.0,10.5,0.0,48.0,11067.0,0.724005334
62075.0,1240.0,7.1,10.0,33.0,22744.0,0.669554548
22869.0,1471.0,9.2,10.0,41.0,7723.0,1.477534897
46176.0,438.0,7.1,22.0,24.0,19176.0,1.530680757
39944.0,439.0,10.5,0.0,48.0,19534.0,1.23868887
48627.0,58.0,8.3,7.0,35.0,17659.0,0.807022097
19816.0,1555.0,6.2,0.0,43.0,7605.0,0.361083686
14653.0,628.0,6.8,0.0,16.0,5555.0,0.699558132
6196.0,638.0,6.8,0.0,16.0,2481.0,0.295807151
9131.0,1035.0,9.8,0.0,26.0,3271.0,0.481345753
8351.0,46.0,7.0,0.0,10.0,3212.0,0.115109832
7020.0,162.0,6.9,0.0,15.0,2692.0,0.262459424
16735.0,1153.0,7.7,0.0,31.0,6306.0,0.327443844
22698.0,1199.0,7.1,0.0,33.0,9066.0,0.2448256
9750.0,600.0,6.8,0.0,16.0,3902.0,0.465480911
1716.0,1051.0,9.8,0.0,26.0,533.0,0.090459896
14520.0,7.0,7.0,0.0,40.0,5948.0,0.19706038
29100.0,516.0,7.9,6.0,22.0,12040.0,0.419211248
10772.0,1067.0,6.8,0.0,27.0,3552.0,0.519262228
45346.0,1109.0,5.6,0.0,28.0,20377.0,0.657536666
31589.0,1117.0,9.7,3.0,29.0,12644.0,0.652059997
9038.0,1722.0,7.3,0.0,46.0,3483.0,0.101864298
23659.0,1218.0,7.1,10.0,33.0,10847.0,0.255191157
4362.0,1581.0,6.2,0.0,43.0,1891.0,0.079483601
55945.0,1248.0,7.1,10.0,33.0,18673.0,0.603435026
2664.0,1330.0,6.2,0.0,36.0,1039.0,0.08445177
749.0,140.0,6.8,0.0,27.0,251.0,0.036105404
36929.0,714.0,7.9,6.0,49.0,12112.0,0.844843821
37830.0,1813.0,7.9,0.0,49.0,13096.0,0.865456463
9485.0,456.0,6.2,0.0,36.0,3418.0,0.300685074
11097.0,150.0,7.4,0.0,23.0,3428.0,0.251162724
11049.0,714.0,8.3,0.0,17.0,4801.0,0.259633086
28666.0,28.0,8.3,6.0,35.0,12215.0,0.475745891
3262.0,1452.0,9.2,0.0,41.0,1087.0,0.210753371
11372.0,1303.0,9.2,0.0,37.0,3923.0,0.165530782
10177.0,857.0,7.0,0.0,25.0,4351.0,0.202661181
15028.0,942.0,7.4,0.0,23.0,4942.0,0.340134578
20845.0,559.0,6.5,0.0,14.0,8272.0,0.411176056
39985.0,1337.0,6.2,0.0,36.0,13009.0,1.267569075
56682.0,327.0,10.5,0.0,48.0,22543.0,1.757744907
44785.0,161.0,8.7,12.0,38.0,14817.0,0.695882974
13561.0,422.0,8.1,0.0,42.0,5242.0,0.230356381
11512.0,125.0,7.0,0.0,3.0,5012.0,0.336136305
21332.0,910.0,7.4,0.0,23.0,7002.0,0.482815465
27943.0,64.0,6.5,0.0,14.0,10051.0,0.551186976
36242.0,578.0,8.3,10.0,17.0,13636.0,0.851626599
27072.0,1204.0,7.1,0.0,33.0,9347.0,0.292004523
13346.0,500.0,8.1,0.0,42.0,5769.0,0.226704244
23141.0,922.0,7.4,0.0,23.0,7631.0,0.523759267
25733.0,269.0,7.8,4.0,5.0,5664.0,0.402108904
17634.0,466.0,5.8,0.0,12.0,5709.0,0.452357987
13308.0,751.0,9.1,0.0,18.0,6010.0,0.451217581
40134.0,471.0,5.8,0.0,12.0,10945.0,1.029541537
13932.0,1494.0,10.5,0.0,48.0,6664.0,0.43204019
6658.0,917.0,7.4,0.0,23.0,2355.0,0.150693107
36501.0,1205.0,7.1,0.0,33.0,12743.0,0.393707782
31166.0,853.0,7.9,4.0,22.0,12279.0,0.448973806
14301.0,1273.0,10.5,0.0,34.0,5591.0,0.73379276
17778.0,136.0,8.1,0.0,42.0,7798.0,0.301989214
7709.0,506.0,5.8,0.0,44.0,2394.0,0.131690026
45068.0,718.0,8.3,19.0,17.0,19614.0,1.05902289
55933.0,54.0,8.7,0.0,38.0,21072.0,0.869103994
32250.0,491.0,6.5,0.0,14.0,11266.0,0.636144293
20105.0,13.0,8.3,6.0,17.0,9676.0,0.472433993
40439.0,1475.0,8.1,0.0,42.0,14308.0,0.686924392
18556.0,263.0,7.8,0.0,5.0,5231.0,0.289959695
16384.0,1195.0,7.3,0.0,46.0,7592.0,0.184658625
15695.0,1616.0,6.2,0.0,43.0,5885.0,0.285991545
22628.0,1755.0,7.3,0.0,46.0,7765.0,0.255032676
39316.0,486.0,9.2,10.0,41.0,13484.0,2.540153134
22601.0,456.0,5.8,0.0,12.0,6173.0,0.579774462
24842.0,733.0,10.5,0.0,48.0,10895.0,0.770366236
32993.0,487.0,7.0,9.0,13.0,12280.0,0.484236109
24578.0,332.0,6.2,0.0,36.0,9672.0,0.779149999
13168.0,244.0,5.8,0.0,12.0,4103.0,0.337793466
71948.0,1242.0,7.1,10.0,33.0,28202.0,0.776046889
6842.0,117.0,7.0,0.0,25.0,2580.0,0.13624917
61971.0,1217.0,7.1,12.0,33.0,23383.0,0.668432782
14874.0,35.0,6.2,0.0,43.0,5354.0,0.271031427
42639.0,6.0,7.0,14.0,25.0,16843.0,0.849097977
7142.0,413.0,6.8,0.0,27.0,2253.0,0.344278763
3221.0,86.0,9.6,0.0,1.0,978.0,0.091724321
36552.0,1597.0,6.2,6.0,43.0,14206.0,0.666044152
4404.0,1002.0,7.0,0.0,25.0,1731.0,0.0876997
38463.0,537.0,7.0,0.0,13.0,12120.0,0.564518942
7634.0,457.0,5.8,0.0,12.0,2733.0,0.195831965
34066.0,152.0,7.3,8.0,46.0,13954.0,0.383946577
26569.0,694.0,8.3,7.0,17.0,12420.0,0.62432722
29144.0,1739.0,7.3,26.0,46.0,8096.0,0.328472349
17560.0,711.0,8.3,0.0,17.0,6812.0,0.412630735
8271.0,112.0,7.1,0.0,24.0,3563.0,0.274174041
19305.0,762.0,9.1,0.0,18.0,7970.0,0.6545503
5236.0,418.0,7.0,0.0,10.0,1924.0,0.072172803
28823.0,55.0,10.5,0.0,48.0,13121.0,0.89381958
30444.0,907.0,7.4,18.0,23.0,10292.0,0.689050911
1866.0,1046.0,9.8,0.0,26.0,618.0,0.09836723
35761.0,511.0,7.0,5.0,13.0,13278.0,0.524861864
21899.0,725.0,8.3,6.0,17.0,11012.0,0.514590003
34786.0,1783.0,10.5,12.0,48.0,15760.0,1.078736006
15902.0,893.0,7.4,4.0,23.0,6077.0,0.35991616
5349.0,237.0,6.2,0.0,43.0,2090.0,0.097468543
4286.0,147.0,7.8,0.0,5.0,1153.0,0.066973877
54539.0,218.0,7.2,6.0,4.0,17014.0,0.494968747
8037.0,1278.0,10.5,0.0,34.0,2809.0,0.412383219
3943.0,650.0,6.8,0.0,16.0,1464.0,0.188245255
9637.0,398.0,7.1,0.0,33.0,4301.0,0.103946793
13987.0,980.0,7.1,0.0,24.0,6251.0,0.463652801
39966.0,911.0,7.4,0.0,23.0,13085.0,0.904566046
53745.0,1282.0,8.3,6.0,35.0,20250.0,0.89196131
13994.0,1521.0,6.2,0.0,43.0,5346.0,0.254996221
67846.0,803.0,7.3,0.0,46.0,19860.0,0.764669743
29763.0,46.0,7.6,4.0,0.0,12285.0,0.615004569
27004.0,705.0,8.3,0.0,17.0,12113.0,0.634548995
69524.0,1198.0,7.1,8.0,33.0,28232.0,0.749901094
24440.0,1104.0,5.6,0.0,28.0,8598.0,0.3543906
980.0,1660.0,5.8,0.0,44.0,313.0,0.016740981
15985.0,1095.0,6.8,0.0,27.0,5337.0,0.77055391
31129.0,1584.0,6.2,10.0,43.0,10851.0,0.567227194
32461.0,336.0,6.9,0.0,9.0,11336.0,0.330716443
4280.0,516.0,6.2,0.0,43.0,1710.0,0.077989411
64135.0,843.0,7.9,6.0,49.0,22912.0,1.467249545
10124.0,29.0,6.9,0.0,15.0,3941.0,0.378509859
7437.0,483.0,9.8,0.0,26.0,2419.0,0.392045599
16939.0,1709.0,7.3,0.0,46.0,5937.0,0.190913846
19596.0,1600.0,6.2,0.0,43.0,7509.0,0.357074885
6191.0,334.0,6.9,0.0,15.0,2307.0,0.231465284
11859.0,64.0,7.1,0.0,33.0,5275.0,0.127913772
12097.0,36.0,9.8,0.0,26.0,3588.0,0.637700096
12086.0,473.0,8.1,0.0,42.0,5181.0,0.205301026
62567.0,576.0,6.5,24.0,14.0,20445.0,1.234159379
56310.0,253.0,7.8,11.0,5.0,14847.0,0.879911103
8726.0,236.0,9.2,0.0,41.0,3292.0,0.563774958
83209.0,872.0,7.9,26.0,22.0,26575.0,1.198699269
20110.0,1587.0,6.2,3.0,43.0,7426.0,0.366440903
9002.0,757.0,7.1,0.0,24.0,4262.0,0.298405842
5463.0,152.0,7.0,0.0,13.0,2358.0,0.080180095
5559.0,682.0,6.8,0.0,16.0,1961.0,0.265395732
13602.0,1769.0,6.9,0.0,47.0,4978.0,0.166063153
36748.0,26.0,7.6,14.0,0.0,15357.0,0.75933837
37620.0,46.0,7.0,9.0,13.0,13965.0,0.552146286
53652.0,136.0,7.0,0.0,25.0,16901.0,1.068406967
16024.0,473.0,10.5,6.0,48.0,7262.0,0.496914442
15096.0,848.0,7.9,5.0,22.0,6571.0,0.217471237
18504.0,54.0,7.0,0.0,25.0,6917.0,0.368482117
39507.0,1235.0,7.1,6.0,33.0,15729.0,0.426131157
35470.0,476.0,7.9,20.0,49.0,11900.0,0.811465523
20388.0,699.0,8.3,0.0,17.0,8780.0,0.479084022
68362.0,1341.0,6.2,24.0,36.0,27601.0,2.167151609
8074.0,151.0,7.0,0.0,3.0,3271.0,0.235750915
11983.0,1657.0,6.2,0.0,43.0,4807.0,0.21835213
14029.0,1201.0,7.1,4.0,33.0,5842.0,0.151319867
18634.0,54.0,7.0,0.0,10.0,6590.0,0.256850271
25571.0,1026.0,7.0,4.0,25.0,11141.0,0.509211857
28601.0,50.0,7.0,0.0,13.0,11469.0,0.419775011
58140.0,64.0,11.7,14.0,45.0,16059.0,1.299634839
22082.0,579.0,6.2,0.0,36.0,9666.0,0.700024017
1308.0,965.0,7.1,0.0,24.0,725.0,0.04335868
28759.0,981.0,7.1,0.0,24.0,11512.0,0.95332744
6162.0,481.0,9.8,0.0,26.0,1820.0,0.324833264
12084.0,64.0,8.3,0.0,17.0,4993.0,0.283953861
